"010000";"01AA00";"Vouga";"1836-12-31";"1853-12-31"
"010000";"01AB00";"Angeja";"1836-12-31";"1853-12-31"
"010000";"01AC00";"Bemposta";"1836-12-31";"1853-12-31"
"010000";"01AD00";"Pereira Juzam";"1836-12-31";"1852-12-29"
"010000";"01AE00";"Macieira de Cambra";"1836-12-31";"1895-11-21"
"010000";"01AF00";"São Lourenço do Bairro";"1836-12-31";"1853-12-31"
"010000";"01AG00";"Eixo";"1836-12-31";"1853-12-31"
"010000";"01AH00";"Fermedo";"1836-12-31";"1853-12-31"
"010000";"01AI00";"Ílhavo";"1836-12-31";"1895-11-21"
"010000";"01AJ00";"Souza";"1836-12-31";"1853-12-31"
"010000";"01AL00";"Vacariça";"1836-12-31";"1837-07-06"
"010000";"01AM00";"Mira";"1836-12-31";"1853-12-31"
"010000";"01AN00";"Oliveira do Bairro";"1836-12-31";"1895-11-21"
"010000";"01AO00";"Sever";"1836-12-31";"1895-11-21"
"010000";"010100";"Águeda";"1836-12-31";"2050-12-31"
"010000";"010200";"Albergaria-a-Velha";"1936-12-31";"2050-12-31"
"010000";"010200";"Albergaria a Velha";"1853-12-31";"1936-12-31"
"010000";"010200";"Páos";"1836-12-31";"1853-12-31"
"010000";"010300";"Anadia";"1836-12-31";"2050-12-31"
"010000";"010400";"Arouca";"1836-12-31";"2050-12-31"
"010000";"010500";"Aveiro";"1836-12-31";"2050-12-31"
"010000";"010600";"Castelo de Paiva";"1836-12-31";"2050-12-31"
"010000";"010700";"Espinho";"1899-08-17";"2050-12-31"
"010000";"010800";"Estarreja";"1836-12-31";"2050-12-31"
"010000";"010900";"Feira";"1836-12-31";"1991-06-08"
"010000";"010900";"Santa Maria da Feira";"1991-06-08";"2050-12-31"
"010000";"011000";"Ílhavo";"1898-01-13";"2050-12-31"
"010000";"011100";"Mealhada";"1853-12-31";"2050-12-31"
"010000";"011200";"Murtosa";"1926-10-30";"2050-12-31"
"010000";"011300";"Oliveira de Azeméis";"1836-12-31";"2050-12-31"
"010000";"011400";"Oliveira do Bairro";"1898-01-13";"2050-12-31"
"010000";"011500";"Ovar";"1836-12-31";"2050-12-31"
"010000";"011600";"São João da Madeira";"1926-10-11";"2050-12-31"
"010000";"011700";"Sever do Vouga";"1898-01-13";"2050-12-31"
"010000";"011800";"Vagos";"1836-12-31";"2050-12-31"
"010000";"011900";"Vale de Cambra";"1926-12-31";"2050-12-31"
"010000";"011900";"Macieira de Cambra";"1898-01-13";"1926-12-31"
"010000";"018200";"Sever";"1836-12-31";"1836-12-31"
"010000";"019100";"Macieira de Cambra";"1836-12-31";"1836-12-31"
"010000";"019700";"Feira";"1836-12-31";"1836-12-31"
"010000";"019800";"Albergaria a Velha";"1836-12-31";"1836-12-31"
"020000";"02AA00";"Aljustrel";"1836-12-31";"1895-11-21"
"020000";"02AB00";"Barrancos";"1836-12-31";"1896-06-26"
"020000";"02AC00";"Cercal ou Villa Nova de Mil Fontes";"1836-12-31";"1855-10-24"
"020000";"02AD00";"Messejana";"1836-12-31";"1855-10-24"
"020000";"02AE00";"Villa de Frades";"1836-12-31";"1853-09-19"
"020000";"02AF00";"Alvito";"1836-12-31";"1896-06-26"
"020000";"020100";"Aljustrel";"1898-01-13";"2050-12-31"
"020000";"020200";"Almodôvar";"1836-12-31";"2050-12-31"
"020000";"020300";"Alvito";"1898-01-13";"2050-12-31"
"020000";"020400";"Barrancos";"1898-01-13";"2050-12-31"
"020000";"020500";"Beja";"1836-12-31";"2050-12-31"
"020000";"020600";"Castro Verde";"1836-12-31";"2050-12-31"
"020000";"020700";"Cuba";"1836-12-31";"2050-12-31"
"020000";"020800";"Ferreira do Alentejo";"1836-12-31";"2050-12-31"
"020000";"020900";"Mértola";"1836-12-31";"2050-12-31"
"020000";"021000";"Moura";"1836-12-31";"2050-12-31"
"020000";"021100";"Odemira";"1836-12-31";"2050-12-31"
"020000";"021200";"Ourique";"1836-12-31";"2050-12-31"
"020000";"021300";"Serpa";"1836-12-31";"2050-12-31"
"020000";"021400";"Vidigueira";"1836-12-31";"2050-12-31"
"030000";"03AA00";"Terras do Bouro";"1836-12-31";"1895-08-14"
"030000";"03AB00";"São João de Rei";"1837-07-04";"1853-12-31"
"030000";"03AC00";"Penela";"1836-12-31";"1855-10-24"
"030000";"03AD00";"Pico de Regalados";"1836-12-31";"1855-10-24"
"030000";"03AE00";"Prado";"1836-12-31";"1855-10-24"
"030000";"03AF00";"Vila Chã";"1837-10-07";"1855-10-24"
"030000";"03AG00";"Aboim da Nobrega";"1838-04-17";"1853-12-31"
"030000";"03AH00";"Santa Marta do Bouro";"1837-07-04";"1853-12-31"
"030000";"030100";"Amares";"1836-12-31";"2050-12-31"
"030000";"030200";"Barcelos";"1836-12-31";"2050-12-31"
"030000";"030300";"Braga";"1836-12-31";"2050-12-31"
"030000";"030400";"Cabeceiras de Basto";"1836-12-31";"2050-12-31"
"030000";"030500";"Celorico de Basto";"1836-12-31";"2050-12-31"
"030000";"030600";"Esposende";"1836-12-31";"2050-12-31"
"030000";"030700";"Fafe";"1836-12-31";"2050-12-31"
"030000";"030800";"Guimarães";"1836-12-31";"2050-12-31"
"030000";"030900";"Póvoa de Lanhoso";"1836-12-31";"2050-12-31"
"030000";"031000";"Terras de Bouro";"1898-01-13";"2050-12-31"
"030000";"031100";"Vieira do Minho";"1836-12-31";"2050-12-31"
"030000";"031200";"Vila Nova de Famalicão";"1836-12-31";"2050-12-31"
"030000";"031300";"Vila Verde";"1855-10-24";"2050-12-31"
"030000";"031400";"Vizela";"1998-09-16";"2050-12-31"
"040000";"04AA00";"Alfandega da Fé";"1836-12-31";"1895-08-14"
"040000";"04AB00";"Freixo de Espada à Cinta";"1836-12-31";"1896-06-26"
"040000";"04AC00";"Cortiços";"1836-12-31";"1853-12-31"
"040000";"04AD00";"Lamas de Orelhão";"1838-04-17";"1853-12-31"
"040000";"04AE00";"Izeda";"1836-12-31";"1855-10-24"
"040000";"04AF00";"Outeiro";"1836-12-31";"1853-12-31"
"040000";"04AG00";"Santalha";"1836-12-31";"1853-12-31"
"040000";"04AH00";"Vilarinho da Castanheira";"1837-09-27";"1853-12-31"
"040000";"04AI00";"Torre de Dona Chama";"1836-12-31";"1855-10-24"
"040000";"040100";"Alfândega da Fé";"1898-01-13";"2050-12-31"
"040000";"040200";"Bragança";"1836-12-31";"2050-12-31"
"040000";"040300";"Carrazeda de Ansiães";"1836-12-31";"2050-12-31"
"040000";"040400";"Freixo de Espada à Cinta";"1898-01-13";"2050-12-31"
"040000";"040500";"Chacim";"1836-12-31";"1853-12-31"
"040000";"040500";"Macedo de Cavaleiros";"1853-12-31";"2050-12-31"
"040000";"040600";"Miranda do Douro";"1836-12-31";"2050-12-31"
"040000";"040700";"Mirandela";"1836-12-31";"2050-12-31"
"040000";"040800";"Mogadouro";"1836-12-31";"2050-12-31"
"040000";"040900";"Torre de Moncorvo";"1936-12-31";"2050-12-31"
"040000";"040900";"Moncorvo";"1836-12-31";"1936-12-31"
"040000";"041000";"Vila Flor";"1836-12-31";"2050-12-31"
"040000";"041100";"Vimioso";"1836-12-31";"2050-12-31"
"040000";"041200";"Vinhais";"1836-12-31";"2050-12-31"
"040000";"049800";"Moncorvo";"1836-12-31";"1836-12-31"
"050000";"05AA00";"São Vicente da Beira";"1836-12-31";"1895-09-07"
"050000";"05AB00";"Belmonte";"1853-12-31";"1895-09-07"
"050000";"05AC00";"Vila de Rei";"1836-12-31";"1895-09-07"
"050000";"05AD00";"Vila Velha de Ródão";"1837-08-24";"1895-09-07"
"050000";"05AE00";"Mação";"1836-12-31";"1842-03-19"
"050000";"05AF00";"Sobreira Formosa";"1838-04-17";"1855-10-24"
"050000";"05AG00";"Alpedrinha";"1836-12-31";"1855-10-24"
"050000";"05AH00";"Salvaterra do Extremo";"1836-12-31";"1855-10-24"
"050000";"05AI00";"Sortelha";"1836-12-31";"1853-12-31"
"050000";"05AJ00";"Monsanto";"1837-09-27";"1853-12-31"
"050000";"05AL00";"Sarzedas";"1837-09-27";"1848-02-16"
"050000";"050100";"Belmonte";"1898-01-13";"2050-12-31"
"050000";"050200";"Castelo Branco";"1836-12-31";"2050-12-31"
"050000";"050300";"Covilhã";"1836-12-31";"2050-12-31"
"050000";"050400";"Fundão";"1836-12-31";"2050-12-31"
"050000";"050500";"Idanha-a-Nova";"1836-12-31";"2050-12-31"
"050000";"050600";"Oleiros";"1836-12-31";"2050-12-31"
"050000";"050700";"Penamacor";"1836-12-31";"2050-12-31"
"050000";"050800";"Proença-a-Nova";"1936-12-31";"2050-12-31"
"050000";"050800";"Proença a Nova";"1836-12-31";"1936-12-31"
"050000";"050900";"Sertã";"1836-12-31";"2050-12-31"
"050000";"051000";"Vila de Rei";"1898-01-13";"2050-12-31"
"050000";"051100";"Vila Velha de Ródão";"1898-01-13";"2050-12-31"
"050000";"059800";"São Vicente da Beira";"1836-12-31";"1836-12-31"
"050000";"059900";"Proença a Nova";"1836-12-31";"1836-12-31"
"060000";"06AA00";"Mealhada";"1836-12-31";"1853-12-31"
"060000";"06AB00";"Ançãa";"1836-12-31";"1837-07-04"
"060000";"06AC00";"Mira";"1853-12-31";"1895-09-07"
"060000";"06AD00";"Santo André de Poiares";"1836-12-31";"1895-09-07"
"060000";"06AE00";"Farinha Podre";"1836-12-31";"1837-07-04"
"060000";"06AF00";"Rabaçal";"1836-12-31";"1837-07-04"
"060000";"06AG00";"São João de Areias";"1837-07-04";"1838-01-02"
"060000";"06AH00";"Santa Comba Dão";"1836-12-31";"1838-01-02"
"060000";"06AI00";"Carregal";"1836-12-31";"1837-07-04"
"060000";"06AJ00";"Semide";"1837-07-04";"1838-01-02"
"060000";"06AL00";"Alvares";"1837-07-04";"1838-01-02"
"060000";"06AM00";"Santo Varão";"1836-12-31";"1837-07-04"
"060000";"06AN00";"Verride";"1836-12-31";"1837-07-04"
"060000";"06AO00";"Avô";"1836-12-31";"1837-07-04"
"060000";"06AP00";"Cadima";"1836-12-31";"1837-07-04"
"060000";"06AQ00";"Coja";"1836-12-31";"1837-07-04"
"060000";"06AR00";"Fajão";"1836-12-31";"1837-07-04"
"060000";"06AS00";"Midões";"1836-12-31";"1837-07-04"
"060000";"06AT00";"Paião";"1836-12-31";"1837-07-04"
"060000";"06AT00";"Lavos";"1837-07-04";"1838-01-02"
"060000";"06AU00";"Tentugal";"1836-12-31";"1837-07-04"
"060000";"06AV00";"Maiorca";"1836-12-31";"1837-07-04"
"060000";"06AX00";"Mortágua";"1836-12-31";"1837-07-04"
"060000";"060100";"Arganil";"1836-12-31";"2050-12-31"
"060000";"060200";"Cantanhede";"1836-12-31";"2050-12-31"
"060000";"060300";"Coimbra";"1836-12-31";"2050-12-31"
"060000";"060400";"Condeixa-a-Nova";"1838-04-17";"2050-12-31"
"060000";"060500";"Figueira da Foz";"1836-12-31";"2050-12-31"
"060000";"060600";"Góis";"1836-12-31";"2050-12-31"
"060000";"060700";"Louzã";"1836-12-31";"1936-12-31"
"060000";"060700";"Lousã";"1936-12-31";"2050-12-31"
"060000";"060800";"Mira";"1898-01-13";"2050-12-31"
"060000";"060900";"Miranda do Corvo";"1836-12-31";"2050-12-31"
"060000";"061000";"Montemor-o-Velho";"1836-12-31";"2050-12-31"
"060000";"061100";"Oliveira do Hospital";"1836-12-31";"2050-12-31"
"060000";"061200";"Pampilhosa da Serra";"1836-12-31";"2050-12-31"
"060000";"061300";"Penacova";"1836-12-31";"2050-12-31"
"060000";"061400";"Penela";"1836-12-31";"2050-12-31"
"060000";"061500";"Soure";"1836-12-31";"2050-12-31"
"060000";"061600";"Tábua";"1836-12-31";"2050-12-31"
"060000";"061700";"Poiares";"1898-01-13";"1965-06-01"
"060000";"061700";"Vila Nova de Poiares";"1965-06-01";"2050-12-31"
"060000";"069400";"Poiares";"1836-12-31";"1836-12-31"
"060000";"069900";"Louzã";"1836-12-31";"1836-12-31"
"070000";"07AA00";"Borba";"1836-12-31";"1895-07-12"
"070000";"07AB00";"Mora";"1838-04-17";"1895-07-12"
"070000";"07AB00";"Pavia";"1836-12-31";"1838-04-17"
"070000";"07AC00";"Mourão";"1836-12-31";"1895-07-12"
"070000";"07AD00";"Viana do Alentejo";"1836-12-31";"1895-07-12"
"070000";"07AE00";"Vila de Canha";"1838-01-02";"1838-04-17"
"070000";"07AF00";"Vimieiro";"1836-12-31";"1855-10-24"
"070000";"070100";"Alandroal";"1836-12-31";"2050-12-31"
"070000";"070200";"Arraiolos";"1836-12-31";"2050-12-31"
"070000";"070300";"Borba";"1898-01-13";"2050-12-31"
"070000";"070400";"Estremoz";"1836-12-31";"2050-12-31"
"070000";"070500";"Évora";"1836-12-31";"2050-12-31"
"070000";"070600";"Montemor-o-Novo";"1836-12-31";"2050-12-31"
"070000";"070700";"Mora";"1898-01-13";"2050-12-31"
"070000";"070800";"Mourão";"1898-01-13";"2050-12-31"
"070000";"070900";"Portel";"1836-12-31";"2050-12-31"
"070000";"071000";"Redondo";"1836-12-31";"2050-12-31"
"070000";"071100";"Reguengos de Monsaraz";"1836-12-31";"2050-12-31"
"070000";"071200";"Vendas Novas";"1962-09-07";"2050-12-31"
"070000";"071300";"Viana do Alentejo";"1898-01-13";"2050-12-31"
"070000";"071400";"Vila Viçosa";"1836-12-31";"2050-12-31"
"080000";"08AA00";"Aljezur";"1837-09-27";"1895-08-14"
"080000";"08AB00";"Castro Marim";"1837-09-27";"1895-08-14"
"080000";"08AC00";"Vila do Bispo";"1836-12-31";"1895-08-14"
"080000";"080100";"Albufeira";"1836-12-31";"2050-12-31"
"080000";"080200";"Alcoutim";"1836-12-31";"2050-12-31"
"080000";"080300";"Aljezur";"1898-01-13";"2050-12-31"
"080000";"080400";"Castro Marim";"1898-01-13";"2050-12-31"
"080000";"080500";"Faro";"1836-12-31";"1914-05-31"
"080000";"080500";"Faro";"1914-06-01";"2050-12-31"
"080000";"080600";"Lagoa";"1836-12-31";"2050-12-31"
"080000";"080700";"Lagos";"1836-12-31";"2050-12-31"
"080000";"080800";"Loulé";"1836-12-31";"2050-12-31"
"080000";"080900";"Monchique";"1836-12-31";"2050-12-31"
"080000";"081000";"Olhão";"1836-12-31";"2050-12-31"
"080000";"081100";"Portimão";"1836-12-31";"2050-12-31"
"080000";"081200";"São Brás de Alportel";"1964-12-31";"2050-12-31"
"080000";"081200";"Alportel";"1914-06-01";"1964-12-31"
"080000";"081300";"Silves";"1836-12-31";"2050-12-31"
"080000";"081400";"Tavira";"1836-12-31";"2050-12-31"
"080000";"081500";"Vila do Bispo";"1898-01-13";"2050-12-31"
"080000";"081600";"Vila Real de Santo António";"1836-12-31";"2050-12-31"
"080000";"089900";"Alportel";"1836-12-31";"1836-12-31"
"090000";"09AA00";"Belmonte";"1836-12-31";"1853-12-31"
"090000";"09AB00";"Aguiar da Beira";"1836-12-31";"1896-06-26"
"090000";"09AC00";"Manteigas";"1836-12-31";"1896-06-26"
"090000";"09AD00";"Pesqueira";"1836-12-31";"1855-10-24"
"090000";"09AE00";"Trevões";"1836-12-31";"1838-04-07"
"090000";"09AF00";"Alverca";"1836-12-31";"1853-12-31"
"090000";"09AG00";"São João de Rei";"1837-07-04";"1853-12-31"
"090000";"09AH00";"Valhelhas";"1836-12-31";"1855-10-24"
"090000";"09AI00";"Vilar Maior";"1836-12-31";"1855-10-24"
"090000";"09AJ00";"Castelo Mendo";"1838-01-02";"1855-10-24"
"090000";"09AK00";"Marialva";"1836-12-31";"1855-10-24"
"090000";"09AL00";"Almendra";"1836-12-31";"1855-10-24"
"090000";"09AM00";"Freixo de Numão";"1836-12-31";"1853-12-31"
"090000";"09AN00";"Penedono";"1836-12-31";"1855-10-24"
"090000";"09AO00";"Jarmelo";"1836-12-31";"1853-12-31"
"090000";"09AP00";"Linhares";"1836-12-31";"1855-10-24"
"090000";"09AQ00";"Loriga";"1836-12-31";"1855-10-24"
"090000";"09AR00";"Penalva d'Alva";"1836-12-31";"1853-12-31"
"090000";"09AS00";"Ervedal";"1836-12-31";"1855-10-24"
"090000";"09AT00";"Sandomil";"1836-12-31";"1855-10-24"
"090000";"09AU00";"Sortelha";"1853-12-31";"1855-10-24"
"090000";"090100";"Aguiar da Beira";"1898-01-13";"2050-12-31"
"090000";"090200";"Almeida";"1836-12-31";"2050-12-31"
"090000";"090300";"Celorico da Beira";"1836-12-31";"2050-12-31"
"090000";"090400";"Figueira de Castelo Rodrigo";"1836-12-31";"2050-12-31"
"090000";"090500";"Algodres";"1836-12-31";"1837-06-12"
"090000";"090500";"Fornos de Algodres";"1837-06-12";"2050-12-31"
"090000";"090600";"Gouveia";"1836-12-31";"2050-12-31"
"090000";"090700";"Guarda";"1836-12-31";"2050-12-31"
"090000";"090800";"Manteigas";"1898-01-13";"2050-12-31"
"090000";"090900";"Meda";"1836-12-31";"2013-09-30"
"090000";"090900";"Mêda";"2013-09-30";"2050-12-31"
"090000";"091000";"Pinhel";"1836-12-31";"2050-12-31"
"090000";"091100";"Sabugal";"1836-12-31";"2050-12-31"
"090000";"091200";"Seia";"1836-12-31";"2050-12-31"
"090000";"091300";"Trancoso";"1836-12-31";"2050-12-31"
"090000";"091400";"Vila Nova de Foz Côa";"1836-12-31";"2050-12-31"
"100000";"10AA00";"Alvaiázere";"1836-12-31";"1895-09-07"
"100000";"10AB00";"Batalha";"1837-06-12";"1895-09-07"
"100000";"10AC00";"Pedrógão Grande";"1836-12-31";"1895-09-07"
"100000";"10AD00";"Porto de Mós";"1836-12-31";"1895-09-07"
"100000";"10AE00";"Chão de Couce";"1836-12-31";"1855-10-24"
"100000";"10AF00";"São Martinho do Porto";"1836-12-31";"1855-10-24"
"100000";"10AG00";"Maiorga";"1836-12-31";"1837-06-12"
"100000";"10AH00";"Marinha Grande";"1836-12-31";"1838-04-17"
"100000";"10AI00";"Cabaços";"1836-12-31";"1837-07-04"
"100000";"10AJ00";"Maçãs de Dona Maria";"1837-07-04";"1855-10-24"
"100000";"10AL00";"Louriçal";"1836-12-31";"1855-10-24"
"100000";"10AM00";"Pederneira";"1837-06-12";"1855-10-24"
"100000";"100100";"Alcobaça";"1836-12-31";"2050-12-31"
"100000";"100200";"Alvaiázere";"1898-01-13";"2050-12-31"
"100000";"100300";"Ansião";"1837-07-04";"2050-12-31"
"100000";"100400";"Batalha";"1898-01-13";"2050-12-31"
"100000";"100500";"Bombarral";"1914-03-28";"2050-12-31"
"100000";"100600";"Caldas da Rainha";"1836-12-31";"2050-12-31"
"100000";"100700";"Castanheira de Pêra";"1914-06-17";"2050-12-31"
"100000";"100800";"Figueiró dos Vinhos";"1836-12-31";"2050-12-31"
"100000";"100900";"Leiria";"1836-12-31";"2050-12-31"
"100000";"101000";"Marinha Grande";"1917-01-20";"2050-12-31"
"100000";"101100";"Pederneira";"1898-06-22";"1912-12-18"
"100000";"101100";"Nazaré";"1912-12-18";"2050-12-31"
"100000";"101200";"Óbidos";"1914-03-28";"2050-12-31"
"100000";"101200";"Obidos";"1836-12-31";"1914-03-28"
"100000";"101300";"Pedrógão Grande";"1898-01-13";"2050-12-31"
"100000";"101400";"Peniche";"1855-10-24";"2050-12-31"
"100000";"101500";"Pombal";"1836-12-31";"2050-12-31"
"100000";"101600";"Porto de Mós";"1898-01-13";"2050-12-31"
"100000";"109800";"Obidos";"1836-12-31";"1836-12-31"
"110000";"11AA00";"Alcácer do Sal";"1836-12-31";"1926-12-22"
"110000";"11AB00";"Alcochete";"1898-01-13";"1926-12-22"
"110000";"11AC00";"Aldeia Galega do Ribatejo";"1836-12-31";"1895-06-26"
"110000";"11AC00";"Aldeia Galega do Ribatejo";"1895-09-26";"1926-12-22"
"110000";"11AD00";"Almada";"1836-12-31";"1926-12-22"
"110000";"11AE00";"Barreiro";"1836-12-31";"1926-12-22"
"110000";"11AF00";"Sezimbra";"1836-12-31";"1926-12-22"
"110000";"11AG00";"Moita";"1898-01-13";"1926-12-22"
"110000";"11AH00";"Santiago do Cacém";"1836-12-31";"1926-12-22"
"110000";"11AI00";"Seixal";"1898-01-13";"1926-12-22"
"110000";"11AJ00";"Setúbal";"1836-12-31";"1926-12-22"
"110000";"11AL00";"Grândola";"1836-12-31";"1926-12-22"
"110000";"11AM00";"Sines";"1914-05-19";"1926-12-22"
"110000";"11AN00";"Palmela";"1926-11-08";"1926-12-22"
"110000";"11AO00";"Sobral de Monte Agraço";"1836-12-31";"1855-10-24"
"110000";"11AP00";"Alcochete";"1836-12-31";"1895-09-26"
"110000";"11AQ00";"Arruda dos Vinhos";"1836-12-31";"1895-09-26"
"110000";"11AR00";"Cadaval";"1837-06-12";"1895-09-26"
"110000";"11AS00";"Moita";"1837-04-28";"1895-09-26"
"110000";"11AT00";"Oeiras";"1836-12-31";"1895-09-30"
"110000";"11AU00";"Seixal";"1836-12-31";"1895-09-26"
"110000";"11AV00";"Belas";"1836-12-31";"1855-10-24"
"110000";"11AW00";"Olivais";"1852-09-11";"1886-07-26"
"110000";"11AX00";"Palmela";"1836-12-31";"1855-10-24"
"110000";"11AY00";"Belem";"1852-09-11";"1886-01-01"
"110000";"11AZ00";"Enxara dos Cavaleiros";"1836-12-31";"1855-10-24"
"110000";"11BA00";"Sobral de Monte Agraço";"1890-03-22";"1895-09-26"
"110000";"11BB00";"Sines";"1837-06-12";"1855-10-24"
"110000";"11BC00";"Alcoentre";"1836-12-31";"1855-10-24"
"110000";"11BD00";"Aldeia Galega da Merceana";"1836-12-31";"1855-10-24"
"110000";"11BE00";"Alhandra";"1836-12-31";"1855-10-24"
"110000";"11BF00";"Alhos Vedros";"1836-12-31";"1855-10-24"
"110000";"11BG00";"Alverca";"1836-12-31";"1855-10-24"
"110000";"11BH00";"Azeitão";"1836-12-31";"1855-10-24"
"110000";"11BI00";"Castanheira";"1836-12-31";"1837-06-12"
"110000";"11BJ00";"Colares";"1836-12-31";"1855-10-24"
"110000";"11BL00";"Ericeira";"1836-12-31";"1855-10-24"
"110000";"11BM00";"Peniche";"1836-12-31";"1855-10-24"
"110000";"11BN00";"Ribaldeira";"1836-12-31";"1855-10-24"
"110000";"11BO00";"Azueira";"1837-06-12";"1855-10-24"
"110000";"110100";"Alenquer";"1836-12-31";"2050-12-31"
"110000";"110200";"Arruda dos Vinhos";"1898-01-13";"2050-12-31"
"110000";"110300";"Azambuja";"1836-12-31";"2050-12-31"
"110000";"110400";"Cadaval";"1898-01-13";"2050-12-31"
"110000";"110500";"Cascais";"1836-12-31";"2050-12-31"
"110000";"110600";"Lisboa";"1836-12-31";"2050-12-31"
"110000";"110700";"Loures";"1886-07-26";"2050-12-31"
"110000";"110800";"Lourinhã";"1836-12-31";"2050-12-31"
"110000";"110900";"Mafra";"1836-12-31";"2050-12-31"
"110000";"111000";"Oeiras";"1898-01-13";"2050-12-31"
"110000";"111100";"Sintra";"1836-12-31";"2050-12-31"
"110000";"111200";"Sobral de Monte Agraço";"1898-01-13";"2050-12-31"
"110000";"111300";"Torres Vedras";"1836-12-31";"2050-12-31"
"110000";"111400";"Vila Franca de Xira";"1836-12-31";"2050-12-31"
"110000";"111500";"Amadora";"1979-09-11";"2050-12-31"
"110000";"111600";"Odivelas";"1998-12-14";"2050-12-31"
"110000";"118600";"Setúbal";"1836-12-31";"1836-12-31"
"110000";"118700";"Santiago do Cacém";"1836-12-31";"1836-12-31"
"110000";"118800";"Sines";"1836-12-31";"1836-12-31"
"110000";"118900";"Grândola";"1836-12-31";"1836-12-31"
"110000";"119000";"Alcácer do Sal";"1836-12-31";"1836-12-31"
"110000";"119100";"Moita";"1836-12-31";"1836-12-31"
"110000";"119200";"Palmela";"1836-12-31";"1836-12-31"
"110000";"119300";"Alcochete";"1836-12-31";"1836-12-31"
"110000";"119400";"Sezimbra";"1836-12-31";"1836-12-31"
"110000";"119500";"Almada";"1836-12-31";"1836-12-31"
"110000";"119600";"Barreiro";"1836-12-31";"1836-12-31"
"110000";"119700";"Aldeia Galega do Ribatejo";"1836-12-31";"1836-12-31"
"110000";"119800";"Seixal";"1836-12-31";"1836-12-31"
"110000";"119900";"Alverca";"1836-12-31";"1836-12-31"
"120000";"12AA00";"Gavião";"1836-12-31";"1895-09-26"
"120000";"12AB00";"Marvão";"1836-12-31";"1895-09-26"
"120000";"12AC00";"Souzel";"1836-12-31";"1855-10-24"
"120000";"12AD00";"Monforte";"1836-12-31";"1895-09-26"
"120000";"12AE00";"Alpalhão";"1836-12-31";"1853-08-03"
"120000";"12AF00";"Veiros";"1836-12-31";"1855-10-24"
"120000";"12AG00";"Souzel";"1863-07-10";"1895-09-26"
"120000";"12AH00";"Alegrete";"1837-06-12";"1855-10-24"
"120000";"12AI00";"Cabeço de Vide";"1837-09-27";"1855-10-24"
"120000";"120100";"Alter do Chão";"1836-12-31";"2050-12-31"
"120000";"120200";"Arronches";"1836-12-31";"2050-12-31"
"120000";"120300";"Avis";"1836-12-31";"2050-12-31"
"120000";"120400";"Campo Maior";"1836-12-31";"2050-12-31"
"120000";"120500";"Castelo de Vide";"1836-12-31";"2050-12-31"
"120000";"120600";"Crato";"1836-12-31";"2050-12-31"
"120000";"120700";"Elvas";"1836-12-31";"2050-12-31"
"120000";"120800";"Fronteira";"1836-12-31";"2050-12-31"
"120000";"120900";"Gavião";"1898-01-13";"2050-12-31"
"120000";"121000";"Marvão";"1898-01-13";"2050-12-31"
"120000";"121100";"Monforte";"1898-01-13";"2050-12-31"
"120000";"121200";"Nisa";"1836-12-31";"2050-12-31"
"120000";"121300";"Ponte de Sor";"1836-12-31";"2050-12-31"
"120000";"121400";"Portalegre";"1836-12-31";"2050-12-31"
"120000";"121500";"Sousel";"1898-01-13";"2050-12-31"
"120000";"129300";"Souzel";"1836-12-31";"1836-12-31"
"130000";"13AA00";"Barrosas";"1836-12-31";"1853-12-31"
"130000";"13AB00";"Bemviver";"1836-12-31";"1853-12-31"
"130000";"13AC00";"Santa Cruz";"1836-12-31";"1855-10-24"
"130000";"13AD00";"São Tomé de Negrelos";"1836-12-31";"1855-10-24"
"130000";"130100";"Amarante";"1836-12-31";"2050-12-31"
"130000";"130200";"Baião";"1836-12-31";"2050-12-31"
"130000";"130300";"Felgueiras";"1837-07-04";"2050-12-31"
"130000";"130400";"Gondomar";"1836-12-31";"2050-12-31"
"130000";"130500";"Lousada";"1838-04-17";"2050-12-31"
"130000";"130600";"Maia";"1836-12-31";"2050-12-31"
"130000";"130700";"Marco de Canaveses";"1853-12-31";"2050-12-31"
"130000";"130700";"Soalhães";"1836-12-31";"1853-12-31"
"130000";"130800";"Bouças";"1836-12-31";"1909-05-06"
"130000";"130800";"Matosinhos";"1909-05-06";"2050-12-31"
"130000";"130900";"Paços de Ferreira";"1836-12-31";"2050-12-31"
"130000";"131000";"Paredes";"1836-12-31";"2050-12-31"
"130000";"131100";"Penafiel";"1836-12-31";"2050-12-31"
"130000";"131200";"Porto";"1836-12-31";"2050-12-31"
"130000";"131300";"Póvoa de Varzim";"1836-12-31";"2050-12-31"
"130000";"131400";"Santo Tirso";"1836-12-31";"2050-12-31"
"130000";"131500";"Valongo";"1836-12-31";"2050-12-31"
"130000";"131600";"Vila do Conde";"1836-12-31";"2050-12-31"
"130000";"131700";"Vila Nova de Gaia";"1836-12-31";"2050-12-31"
"130000";"131800";"Trofa";"1998-12-14";"2050-12-31"
"130000";"139900";"Bouças";"1836-12-31";"1836-12-31"
"140000";"14AA00";"Vila Nova da Barquinha";"1836-12-31";"1895-11-21"
"140000";"14AB00";"Vila Nova de Constância";"1837-06-12";"1895-11-21"
"140000";"14AC00";"Montargil";"1837-06-12";"1855-10-24"
"140000";"14AD00";"Punhete";"1836-12-31";"1837-06-12"
"140000";"14AE00";"Alcanede";"1836-12-31";"1855-10-24"
"140000";"14AF00";"Ulme";"1836-12-31";"1855-10-24"
"140000";"14AG00";"Pernes";"1836-12-31";"1855-10-24"
"140000";"140100";"Abrantes";"1836-12-31";"2050-12-31"
"140000";"140200";"Alcanena";"1914-05-08";"2050-12-31"
"140000";"140300";"Almeirim";"1836-12-31";"2050-12-31"
"140000";"140400";"Alpiarça";"1914-04-02";"2050-12-31"
"140000";"140500";"Benavente";"1836-12-31";"2050-12-31"
"140000";"140600";"Cartaxo";"1836-12-31";"2050-12-31"
"140000";"140700";"Chamusca";"1836-12-31";"2050-12-31"
"140000";"140800";"Constância";"1898-01-13";"2050-12-31"
"140000";"140900";"Coruche";"1836-12-31";"2050-12-31"
"140000";"141000";"Entroncamento";"1945-11-24";"2050-12-31"
"140000";"141100";"Ferreira do Zêzere";"1836-12-31";"2050-12-31"
"140000";"141200";"Golegã";"1836-12-31";"2050-12-31"
"140000";"141300";"Mação";"1837-06-12";"2050-12-31"
"140000";"141400";"Rio Maior";"1836-12-31";"2050-12-31"
"140000";"141500";"Salvaterra de Magos";"1837-04-28";"2050-12-31"
"140000";"141600";"Santarém";"1836-12-31";"2050-12-31"
"140000";"141700";"Sardoal";"1836-12-31";"2050-12-31"
"140000";"141800";"Tomar";"1836-12-31";"2050-12-31"
"140000";"141900";"Torres Novas";"1836-12-31";"2050-12-31"
"140000";"142000";"Vila Nova da Barquinha";"1898-01-13";"2050-12-31"
"140000";"142100";"Vila Nova de Ourém";"1836-12-31";"1989-08-23"
"140000";"142100";"Ourém";"1989-08-23";"2050-12-31"
"140000";"149700";"Vila Nova de Constância";"1836-12-31";"1836-12-31"
"140000";"149900";"Vila Nova de Ourém";"1836-12-31";"1836-12-31"
"150000";"150100";"Alcácer do Sal";"1926-12-22";"2050-12-31"
"150000";"150200";"Alcochete";"1926-12-22";"2050-12-31"
"150000";"150300";"Almada";"1926-12-22";"2050-12-31"
"150000";"150400";"Barreiro";"1926-12-22";"2050-12-31"
"150000";"150500";"Grândola";"1926-12-22";"2050-12-31"
"150000";"150600";"Moita";"1926-12-22";"2050-12-31"
"150000";"150700";"Aldeia Galega do Ribatejo";"1926-12-22";"1930-06-07"
"150000";"150700";"Montijo";"1930-06-07";"2050-12-31"
"150000";"150800";"Palmela";"1926-12-22";"2050-12-31"
"150000";"150900";"Santiago do Cacém";"1926-12-22";"2050-12-31"
"150000";"151000";"Seixal";"1926-12-22";"2050-12-31"
"150000";"151100";"Sesimbra";"1926-12-22";"2050-12-31"
"150000";"151200";"Setúbal";"1926-12-22";"2050-12-31"
"150000";"151300";"Sines";"1926-12-22";"2050-12-31"
"150000";"159900";"Aldeia Galega do Ribatejo";"1836-12-31";"1836-12-31"
"160000";"16AA00";"Vila Nova de Cerveira";"1836-12-31";"1895-07-12"
"160000";"16AB00";"Valadares";"1836-12-31";"1855-10-24"
"160000";"16AC00";"Castro Laboreiro";"1837-12-22";"1855-10-24"
"160000";"160100";"Arcos de Valdevez";"1836-12-31";"2050-12-31"
"160000";"160200";"Caminha";"1836-12-31";"2050-12-31"
"160000";"160300";"Melgaço";"1836-12-31";"2050-12-31"
"160000";"160400";"Monção";"1836-12-31";"2050-12-31"
"160000";"160500";"Paredes de Coura";"1836-12-31";"2050-12-31"
"160000";"160600";"Ponte da Barca";"1836-12-31";"2050-12-31"
"160000";"160700";"Ponte de Lima";"1836-12-31";"2050-12-31"
"160000";"160800";"Valença";"1836-12-31";"2050-12-31"
"160000";"160900";"Viana do Castelo";"1836-12-31";"2050-12-31"
"160000";"161000";"Vila Nova de Cerveira";"1898-01-13";"2050-12-31"
"170000";"17AA00";"Santa Marta de Penaguião";"1836-12-31";"1895-09-26"
"170000";"17AB00";"Mondim de Basto";"1836-12-31";"1896-06-26"
"170000";"17AC00";"Ermelo";"1836-12-31";"1853-12-31"
"170000";"17AD00";"Cerva";"1836-12-31";"1853-12-31"
"170000";"17AE00";"Alfarela de Jales";"1836-12-31";"1853-12-31"
"170000";"17AF00";"Canelas";"1836-12-31";"1853-12-31"
"170000";"17AG00";"Carrazedo de Monte Negro";"1836-12-31";"1853-12-31"
"170000";"17AH00";"Ervededo";"1836-12-31";"1853-12-31"
"170000";"17AI00";"Favaios";"1836-12-31";"1853-12-31"
"170000";"17AJ00";"Monforte de Rio Livre";"1836-12-31";"1853-12-31"
"170000";"17AL00";"Provezende";"1836-12-31";"1853-12-31"
"170000";"17AM00";"Ruivães";"1836-12-31";"1853-12-31"
"170000";"17AN00";"Vilar de Maçada";"1836-12-31";"1853-12-31"
"170000";"170100";"Alijó";"1836-12-31";"2050-12-31"
"170000";"170200";"Boticas";"1836-12-31";"2050-12-31"
"170000";"170300";"Chaves";"1836-12-31";"2050-12-31"
"170000";"170400";"Mesão Frio";"1836-12-31";"2050-12-31"
"170000";"170500";"Mondim de Basto";"1898-01-13";"2050-12-31"
"170000";"170600";"Montalegre";"1836-12-31";"2050-12-31"
"170000";"170700";"Murça";"1836-12-31";"2050-12-31"
"170000";"170800";"Peso da Régua";"1836-12-31";"2050-12-31"
"170000";"170900";"Ribeira de Pena";"1838-04-17";"2050-12-31"
"170000";"171000";"Sabrosa";"1836-12-31";"2050-12-31"
"170000";"171100";"Santa Marta de Penaguião";"1898-01-13";"2050-12-31"
"170000";"171200";"Valpaços";"1836-12-31";"2050-12-31"
"170000";"171300";"Vila Pouca de Aguiar";"1836-12-31";"2050-12-31"
"170000";"171400";"Vila Real";"1836-12-31";"2050-12-31"
"180000";"18AA00";"Sul";"1836-12-31";"1838-01-02"
"180000";"18AB00";"Fragoas";"1836-12-31";"1895-09-07"
"180000";"18AC00";"Penedono";"1855-10-24";"1895-09-07"
"180000";"18AD00";"Tarouca";"1836-12-31";"1896-06-26"
"180000";"18AE00";"Mondim da Beira";"1836-12-31";"1896-06-26"
"180000";"18AF00";"São João de Areias";"1838-01-02";"1895-09-07"
"180000";"18AG00";"São João do Monte";"1836-12-31";"1838-01-02"
"180000";"18AH00";"Tavares";"1836-12-31";"1838-01-02"
"180000";"18AI00";"Trevões";"1838-04-17";"1855-10-24"
"180000";"18AJ00";"São Miguel do Outeiro";"1838-04-17";"1855-10-24"
"180000";"18AL00";"Caria e Rua";"1836-12-31";"1855-10-24"
"180000";"18AM00";"Leomil";"1836-12-31";"1838-01-02"
"180000";"18AN00";"Aregos";"1836-12-31";"1838-01-02"
"180000";"18AO00";"Barcos";"1836-12-31";"1838-01-02"
"180000";"18AP00";"Ferreiro de Tendais";"1836-12-31";"1838-01-02"
"180000";"18AQ00";"Fonte Arcada";"1836-12-31";"1838-01-02"
"180000";"18AR00";"São Martinho de Mouros";"1836-12-31";"1838-01-02"
"180000";"18AS00";"Mões";"1836-12-31";"1838-01-02"
"180000";"18AT00";"São Cosmado";"1836-12-31";"1838-01-02"
"180000";"18AU00";"Sanfins";"1836-12-31";"1838-01-02"
"180000";"18AV00";"Senhorim";"1836-12-31";"1838-01-02"
"180000";"18AX00";"Canas de Senhorim";"1836-12-31";"1838-01-02"
"180000";"180100";"Armamar";"1836-12-31";"2050-12-31"
"180000";"180200";"Carregal do Sal";"1838-01-02";"2050-12-31"
"180000";"180300";"Castro Daire";"1836-12-31";"2050-12-31"
"180000";"180400";"São Cristóvão de Nogueira";"1836-12-31";"1837-06-12"
"180000";"180400";"Cinfães";"1837-06-12";"2050-12-31"
"180000";"180500";"Lamego";"1836-12-31";"2050-12-31"
"180000";"180600";"Mangualde";"1836-12-31";"2050-12-31"
"180000";"180700";"Moimenta da Beira";"1836-12-31";"2050-12-31"
"180000";"180800";"Mortágua";"1838-01-02";"2050-12-31"
"180000";"180900";"Nelas";"1852-11-09";"2050-12-31"
"180000";"181000";"Oliveira de Frades";"1837-10-07";"2050-12-31"
"180000";"181100";"Penalva do Castelo";"1836-12-31";"2050-12-31"
"180000";"181200";"Penedono";"1898-01-13";"2050-12-31"
"180000";"181300";"Resende";"1836-12-31";"2050-12-31"
"180000";"181400";"Santa Comba Dão";"1838-01-02";"2050-12-31"
"180000";"181500";"São João da Pesqueira";"1855-10-24";"2050-12-31"
"180000";"181600";"São Pedro do Sul";"1836-12-31";"2050-12-31"
"180000";"181700";"Sátão";"1836-12-31";"2050-12-31"
"180000";"181800";"Sernancelhe";"1836-12-31";"2050-12-31"
"180000";"181900";"Tabuaço";"1836-12-31";"2050-12-31"
"180000";"182000";"Tarouca";"1898-01-13";"2050-12-31"
"180000";"182100";"Tondela";"1836-12-31";"2050-12-31"
"180000";"182200";"Vila Nova de Paiva";"1898-01-13";"2050-12-31"
"180000";"182300";"Viseu";"1836-12-31";"2050-12-31"
"180000";"182400";"Vouzela";"1836-12-31";"2050-12-31"
"180000";"189300";"São João de Areias";"1836-12-31";"1836-12-31"
"180000";"189400";"Mondim da Beira";"1836-12-31";"1836-12-31"
"180000";"189700";"Fragoas";"1836-12-31";"1836-12-31"
"190000";"19AA00";"São Sebastião";"1842-03-19";"1855-10-24"
"190000";"19AB00";"Praia";"1842-03-19";"1855-10-24"
"190000";"19AC00";"Topo";"1842-03-19";"1855-10-24"
"190000";"190100";"Angra do Heroísmo";"1842-03-19";"1976-04-30"
"190000";"190200";"Calheta (R.A.Açores)";"1842-03-19";"1976-04-30"
"190000";"190300";"Santa Cruz da Graciosa (R.A.Açores)";"1842-03-19";"1976-04-30"
"190000";"190400";"Velas (R.A.Açores)";"1842-03-19";"1976-04-30"
"190000";"190500";"Vila da Praia da Vitória";"1842-03-19";"1976-04-30"
"190000";"199500";"Velas (R.A.Açores)";"1836-12-31";"1836-12-31"
"190000";"199600";"Velas (R.A.A.)";"1836-12-31";"1836-12-31"
"200000";"20AA00";"Corvo";"1842-03-19";"1895-11-18"
"200000";"20AB00";"Lajes das Flores";"1842-03-19";"1895-11-18"
"200000";"20AC00";"Madalena";"1842-03-19";"1895-11-18"
"200000";"200100";"Corvo";"1898-01-13";"1976-04-30"
"200000";"200200";"Horta";"1842-03-19";"1976-04-30"
"200000";"200300";"Lajens das Flores";"1946-11-01";"1953-12-29"
"200000";"200300";"Lagens das Flores";"1898-01-13";"1939-12-22"
"200000";"200300";"Lajes das Flores";"1939-12-22";"1946-11-01"
"200000";"200300";"Lajes das Flores";"1953-12-29";"1976-04-30"
"200000";"200400";"Lagens do Pico";"1842-03-19";"1939-12-22"
"200000";"200400";"Lajes do Pico";"1939-12-22";"1946-11-01"
"200000";"200400";"Lajes do Pico";"1953-12-29";"1976-04-30"
"200000";"200400";"Lajens do Pico";"1946-11-01";"1953-12-29"
"200000";"200500";"Madalena";"1898-01-13";"1976-04-30"
"200000";"200600";"Santa Cruz das Flores";"1842-03-19";"1976-04-30"
"200000";"200700";"São Roque do Pico";"1842-03-19";"1976-04-30"
"200000";"209800";"Lajens do Pico";"1836-12-31";"1836-12-31"
"200000";"209900";"Lagens do Pico";"1836-12-31";"1836-12-31"
"210000";"210100";"Lagoa (R.A.A)";"1842-03-19";"1976-04-30"
"210000";"210100";"Santa Cruz da Graciosa (R.A.A.)";"1976-04-30";"1994-12-15"
"210000";"210200";"Nordeste";"1842-03-19";"1976-04-30"
"210000";"210300";"Ponta Delgada";"1842-03-19";"1976-04-30"
"210000";"210400";"Povoação";"1842-03-19";"1976-04-30"
"210000";"210500";"Ribeira Grande";"1842-03-19";"1976-04-30"
"210000";"210600";"Vila Franca do Campo";"1842-03-19";"1976-04-30"
"210000";"210700";"Vila do Porto";"1842-03-19";"1976-04-30"
"220000";"22AA00";"Porto Moniz";"1855-10-24";"1895-11-18"
"220000";"22AB00";"Porto Moniz";"1842-03-19";"1853-12-31"
"220000";"220100";"Calheta (R.A.M.)";"1842-03-19";"1976-04-30"
"220000";"220100";"Calheta (R.A.A.)";"1976-04-30";"1994-12-15"
"220000";"220200";"Câmara de Lobos (R.A.M.)";"1842-03-19";"1976-04-30"
"220000";"220200";"Velas (R.A.A.)";"1976-04-30";"1994-12-15"
"220000";"220300";"Funchal";"1842-03-19";"1976-04-30"
"220000";"220400";"Machico";"1842-03-19";"1976-04-30"
"220000";"220500";"Ponta do Sol";"1842-03-19";"1976-04-30"
"220000";"220600";"Porto Moniz";"1898-01-13";"1976-04-30"
"220000";"220700";"Porto Santo";"1842-03-19";"1976-04-30"
"220000";"220800";"Ribeira Brava";"1914-05-06";"1976-04-30"
"220000";"220900";"Santa Cruz";"1842-03-19";"1976-04-30"
"220000";"221000";"Santana";"1842-03-19";"1976-04-30"
"220000";"221100";"São Vicente";"1842-03-19";"1976-04-30"
"220000";"229700";"Câmara de Lobos (R.A.M.)";"1836-12-31";"1836-12-31"
"230000";"230100";"Angra do Heroísmo";"1976-04-30";"1994-12-15"
"230000";"230200";"Vila da Praia da Vitória";"1976-04-30";"1994-12-15"
"240000";"240100";"Corvo";"1976-04-30";"1994-12-15"
"250000";"250100";"Horta";"1976-04-30";"1994-12-15"
"260000";"260100";"Lajes das Flores";"1976-04-30";"1994-12-15"
"260000";"260200";"Santa Cruz das Flores";"1976-04-30";"1994-12-15"
"270000";"270100";"Lajes do Pico";"1976-04-30";"1994-12-15"
"270000";"270200";"Madalena";"1976-04-30";"1994-12-15"
"270000";"270300";"São Roque do Pico";"1976-04-30";"1994-12-15"
"280000";"280100";"Vila do Porto";"1976-04-30";"1994-12-15"
"290000";"290100";"Lagoa";"1976-04-30";"1994-12-15"
"290000";"290200";"Nordeste";"1976-04-30";"1994-12-15"
"290000";"290300";"Ponta Delgada";"1976-04-30";"1994-12-15"
"290000";"290400";"Povoação";"1976-04-30";"1994-12-15"
"290000";"290500";"Ribeira Grande";"1976-04-30";"1994-12-15"
"290000";"290600";"Vila Franca do Campo";"1976-04-30";"1994-12-15"
"310000";"310100";"Calheta";"1976-04-30";"2050-12-31"
"310000";"310200";"Câmara de Lobos";"1976-04-30";"2050-12-31"
"310000";"310300";"Funchal";"1976-04-30";"2050-12-31"
"310000";"310400";"Machico";"1976-04-30";"2050-12-31"
"310000";"310500";"Ponta do Sol";"1976-04-30";"2050-12-31"
"310000";"310600";"Porto Moniz";"1976-04-30";"2050-12-31"
"310000";"310700";"Ribeira Brava";"1976-04-30";"2050-12-31"
"310000";"310800";"Santa Cruz";"1976-04-30";"2050-12-31"
"310000";"310900";"Santana";"1976-04-30";"2050-12-31"
"310000";"311000";"São Vicente";"1976-04-30";"2050-12-31"
"320000";"320100";"Porto Santo";"1976-04-30";"2050-12-31"
"410000";"410100";"Vila do Porto";"1994-12-15";"2050-12-31"
"420000";"420100";"Lagoa";"1994-12-15";"2050-12-31"
"420000";"420200";"Nordeste";"1994-12-15";"2050-12-31"
"420000";"420300";"Ponta Delgada";"1994-12-15";"2050-12-31"
"420000";"420400";"Povoação";"1994-12-15";"2050-12-31"
"420000";"420500";"Ribeira Grande";"1994-12-15";"2050-12-31"
"420000";"420600";"Vila Franca do Campo";"1994-12-15";"2050-12-31"
"430000";"430100";"Angra do Heroísmo";"1994-12-15";"2050-12-31"
"430000";"430200";"Vila da Praia da Vitória";"1994-12-15";"2050-12-31"
"440000";"440100";"Santa Cruz da Graciosa";"1994-12-15";"2050-12-31"
"450000";"450100";"Calheta";"1994-12-15";"2001-03-12"
"450000";"450100";"Calheta";"2003-07-31";"2050-12-31"
"450000";"450100";"Calheta";"2001-03-12";"2003-07-31"
"450000";"450200";"Velas";"1994-12-15";"2050-12-31"
"460000";"460100";"Lajes do Pico";"1994-12-15";"2050-12-31"
"460000";"460200";"Madalena";"1994-12-15";"2050-12-31"
"460000";"460300";"São Roque do Pico";"1994-12-15";"2050-12-31"
"470000";"470100";"Horta";"1994-12-15";"2050-12-31"
"480000";"480100";"Lajes das Flores";"1994-12-15";"2050-12-31"
"480000";"480200";"Santa Cruz das Flores";"1994-12-15";"2050-12-31"
"490000";"490100";"Corvo";"1994-12-15";"2050-12-31"
"980000";"980100";"Olivença";"1836-12-31";"2050-12-31"
"990000";"990100";"Antigo Estado Português da Índia";"1836-12-31";"1961-12-20"
"990000";"990200";"Angola";"1836-12-31";"1975-11-11"
"990000";"990300";"Cabo Verde";"1836-12-31";"1975-07-05"
"990000";"990400";"Guiné";"1836-12-31";"1974-09-10"
"990000";"990500";"Macau";"1836-12-31";"1999-12-20"
"990000";"990600";"Moçambique";"1836-12-31";"1975-06-25"
"990000";"990700";"São Tomé e Príncipe";"1836-12-31";"1975-07-12"
"990000";"990800";"Timor";"1836-12-31";"2002-05-20"
"990000";"991300";"Angola";"1836-12-31";"1836-12-31"
"990000";"992000";"Cabo Verde";"1836-12-31";"1836-12-31"
"990000";"992300";"São Tomé e Príncipe";"1836-12-31";"1836-12-31"
"990000";"992600";"Timor";"1836-12-31";"1836-12-31"
"990000";"992700";"Moçambique";"1836-12-31";"1836-12-31"
"990000";"993200";"Guiné";"1836-12-31";"1836-12-31"
"990000";"995100";"Macau";"1836-12-31";"1836-12-31"
