
	<!--
		==================================================================
	-->
	<!--
		= OpenORB XML profile =
	-->
	<!--
		==================================================================
	-->

	<!--
		<!DOCTYPE OpenORB PUBLIC "-//openorb.sf.net//OpenORB Config//EN"
		"http://openorb.sf.net/config/OpenORB.dtd">
	-->

<OpenORB profile="default" xmlns="http://openorb.sf.net/config"
	xmlns:xlink="http://www.w3.org/1999/xlink">

	<!--
		I can't load the default.xml from the openorb.home...so I've decided
		to do it this way. Check JP <profile name="default"
		xlink:href="${openorb.home}config/default.xml#default">
	-->
	<profile name="default" xlink:href="${openorb.home}config/default.xml#default">
		<import xlink:href="${openorb.home}config/default.xml#CorbalocService" />
		<import xlink:href="${openorb.home}config/default.xml#iiop">
			<property name="allowBiDir" value="true" />
			<property name="sendBufferSize" value="64000" />
			<property name="recieveBufferSize" value="64000" />
			<property name="receiveBufferSize" value="64000" />
			<property name="bufferedOutputStreamSize" value="8192" />
			<property name="serverMinSocketAcceptTimeout" value="0" />
			<property name="serverMaxSocketAcceptTimeout" value="250" />
			<property name="serverOverrideSocketTimeout" value="250" />
			<!--
				do not use any rmi features
			-->
			<property name="deserializationEngine" value="none" />
			<!--
				keep the sockets alive by pinging... this is good for the client
				firewalls with bidir remaining open
			-->
			<property name="keepAlive" value="true" />
			<propertyset prefix="stream-decoration">
				<property name="1"
					value="com.linkare.rec.openorb.SoTimeoutDecorationStrategy$Factory" />
				<property name="2"
					value="org.openorb.orb.net.PriorityBoostingSocketStreamDecorationStrategy$Factory" />
				<property name="3"
					value="org.openorb.orb.net.BufferingSocketStreamDecorationStrategy$Factory" />
				<property name="4"
					value="org.openorb.orb.net.LegacySocketStreamDecorationStrategy$Factory" />
			</propertyset>
		</import>
		<import xlink:href="${openorb.home}config/default.xml#rmi">
			<!--
				Use the orb singleton per default and do not try to open a second
				orb listening on the same port
			-->
			<property name="defaultorbSingleton" value="true" />
		</import>
	</profile>

	<profile name="debug" extends="default">
		<description>
			Activates debugging mode.
		</description>
		<import xlink:href="${openorb.home}config/default.xml#openorb">
			<property name="debug.level" value="HIGH" />
			<property name="debug.trace" value="DEBUG" />
			<property name="useStaticThreadGroup" value="true" />
		</import>
	</profile>

	<profile name="ReCClient" extends="default">
		<import xlink:href="${openorb.home}config/default.xml#iiop">
			<property name="publishIP" value="true" />
			<property name="bidirOnlyServer" value="false" />
		</import>
	</profile>

	<profile name="ReCClientDebug" extends="debug">
		<import xlink:href="${openorb.home}config/default.xml#iiop">
			<property name="publishIP" value="true" />
			<property name="bidirOnlyServer" value="false" />
		</import>
	</profile>
</OpenORB>

