<?xml version="1.0" encoding="UTF-8" standalone="yes"?>
<reCFaceConfig usersListRefreshRateMs="10000"
	splashIconLocationBundleKey="ReCUI$rec.ui.icon.splash" showVideoFrame="false"
	showUserList="true" showChatFrame="true" iconSponsorLocationBundleKey="bundleName#bundleKey"
	iconLocationBundleKey="ReCUI$rec.ui.icon.frame"
	helpPageLocationBundleKey="ReCUI$rec.ui.url.help" frameTitleBundleKey="ReCUI$rec.ui.title.frame"
	enterApparatusChatRoom="true" enableVideoFrame="false" enableUsersList="true"
	enableLoginPassword="false" enableChatFrame="true" autoConnectLab="false"
	appPreferredWidth="848" appPreferredHeight="478"
	aboutPageLocationBundleKey="ReCUI$rec.ui.url.about" xmlns="http://rec.linkare.com/client/config">
	<localizationBundle name="ReCUI"
		location="recresource:///com/linkare/rec/impl/newface/resources/ReCUI" />
	<localizationBundle name="ReCLabeLab"
		location="recresource:///pt/utl/ist/elab/resources/ReCLabeLab" />
	<webResource toolTipLocationBundleKey="ReCUI$rec.url.tip.linkare"
		displayStringBundleKey="ReCUI$rec.url.title.linkare"
		locationBundleKey="ReCUI$rec.url.href.linkare" iconLocationBundleKey=""
		order="0" enabled="true" internalBrowser="false" />
	<!--Start Lab configuration -->
	
					<lab
	location="corbaloc:iiop:1.2@localhost:9001/MultiCastController"
	labId="LAB_ME_BASIC" labIdStringBundleKey="ReCLabeLab$rec.lab.name.elab.LAB_ME_BASIC"
	displayStringBundleKey="ReCLabeLab$rec.lab.title.elab.LAB_ME_BASIC"
	toolTipBundleKey="ReCLabeLab$rec.lab.tip.elab.LAB_ME_BASIC"
	iconLocationBundleKey="ReCLabeLab$rec.lab.icon.elab.LAB_ME_BASIC"
	desktopLocationBundleKey="ReCLabeLab$rec.lab.image.desktop.LAB_ME_BASIC" xmlns="http://rec.linkare.com/client/config">
	<webResource toolTipLocationBundleKey="ReCLabeLab$rec.url.tip.elab.LAB_ME_BASIC"
		displayStringBundleKey="ReCLabeLab$rec.url.title.elab.LAB_ME_BASIC"
		locationBundleKey="ReCLabeLab$rec.url.href.elab.LAB_ME_BASIC"
		iconLocationBundleKey="" order="0" enabled="true" internalBrowser="false" />
	<!--Start basic Apparatus configuration -->
	
					
<apparatus xmlns="http://rec.linkare.com/client/config" virtual="true" toolTipBundleKey="rollpaper$rec.exp.tip.rollpaper" location="ROLL_DOWN_TOILET_PAPER_V1.0" iconLocationBundleKey="rollpaper$rec.exp.icon.rollpaper" headerDisplayClassLocationBundleKey="" displayStringBundleKey="rollpaper$rec.exp.title.rollpaper" displayFactoryClassLocationBundleKey="" desktopLocationBundleKey="rollpaper$rec.exp.background.rollpaper" descriptionStringBundleKey="rollpaper$rec.exp.description.rollpaper" dataModelClassLocationBundleKey="" customizerClassLocationBundleKey="rollpaper$rec.exp.customizer.rollpaper" order="1">
    <display toolTipBundleKey="rollpaper$rec.exp.display.rollpaper.tip.datatable" offlineCapable="false" iconLocationBundleKey="ReCUI$rec.ui.icon.table" displayStringBundleKey="rollpaper$rec.exp.display.rollpaper.title.1" classLocationBundleKey="rollpaper$rec.exp.display.rollpaper.loc.datatable" order="1"/>
    <localizationBundle name="rollpaper" location="recresource:///pt/utl/ist/elab/client/rollpaper/resources/messages"/>
</apparatus>

			<!--End basic Apparatus configuration -->
</lab>
			<!--End Lab configuration -->
</reCFaceConfig>
