<?xml version="1.0" encoding="UTF-8"?>

<!DOCTYPE HardwareInfo PUBLIC "-//Linkare/ReC/HardwareInfo//-" "http://rec.linkare.com/HardwareInfoSchema.dtd">
<HardwareInfo id="ELAB_WORLD_PENDULUM_PLANETARIUM" familiarName="worldpendulum" name="Basic STAMP"
	version="BS2" manufacturer="Parallax" driverVersion="v2">
	
	<description>	</description>
	
	<parameter name="worldpendulum$parameter.displacement" type="ContinuousValue" value="1">
		<selection-list>
			<value order="1">1</value>
			<value order="2">20</value>
			<value order="3">0.1</value>
		</selection-list>
	</parameter>

	<parameter name="worldpendulum$parameter.nrpoints" type="ContinuousValue" value="1">
		<selection-list>
			<value order="1">1</value>
			<value order="2">1000</value>
			<value order="3">1</value>
		</selection-list>
	</parameter>

	<frequency-scale label="Sampling Interval">
		<min-frequency><Frequency type="SamplingIntervalType" multiplier="none">1</Frequency></min-frequency>
		<max-frequency><Frequency type="SamplingIntervalType" multiplier="none">10</Frequency></max-frequency>
		<step-frequency><Frequency type="SamplingIntervalType" multiplier="none">1</Frequency></step-frequency>
	</frequency-scale>
	<Frequency type="SamplingIntervalType" multiplier="none">1</Frequency>
	
	<sampling-scale>
		<min-samples>1</min-samples>
		<max-samples>1000</max-samples>
		<step-samples>1</step-samples>
	</sampling-scale>

	<ChannelInfo name="worldpendulum$channel.0.name" independent="false" direction="CHANNEL_INPUT">
		<scale label="worldpendulum$channel.0.label" physicsunitname="worldpendulum$channel.0.physicsunitname" physicsunitsymbol="º" multiplier="none" selected="true">
			<min><PhysicsVal type="float">1</PhysicsVal></min>
			<max><PhysicsVal type="float">1000</PhysicsVal></max>
			<step><PhysicsVal type="float">1</PhysicsVal></step>
			<errordefault><PhysicsVal type="float">0.</PhysicsVal></errordefault>
		</scale>
	</ChannelInfo>

	<ChannelInfo name="worldpendulum$channel.1.name" independent="false" direction="CHANNEL_INPUT">
		<scale label="worldpendulum$channel.1.label" physicsunitname="worldpendulum$channel.1.physicsunitname" physicsunitsymbol="º" multiplier="none" selected="true">
			<min><PhysicsVal type="float">0.1</PhysicsVal></min>
			<max><PhysicsVal type="float">10</PhysicsVal></max>
			<step><PhysicsVal type="float">0.1</PhysicsVal></step>
			<errordefault><PhysicsVal type="float">0.</PhysicsVal></errordefault>
		</scale>
	</ChannelInfo>

	<ChannelInfo name="worldpendulum$channel.2.name" independent="false" direction="CHANNEL_INPUT">
		<scale label="worldpendulum$channel.2.label" physicsunitname="worldpendulum$channel.2.physicsunitname" physicsunitsymbol="º" multiplier="none" selected="true">
			<min><PhysicsVal type="float">0.</PhysicsVal></min>
			<max><PhysicsVal type="float">20</PhysicsVal></max>
			<step><PhysicsVal type="float">0.000001</PhysicsVal></step>
			<errordefault><PhysicsVal type="float">0.</PhysicsVal></errordefault>
		</scale>
	</ChannelInfo>

	<ChannelInfo name="worldpendulum$channel.3.name" independent="false" direction="CHANNEL_INPUT">
		<scale label="worldpendulum$channel.3.label" physicsunitname="worldpendulum$channel.3.physicsunitname" physicsunitsymbol="º" multiplier="none" selected="true">
			<min><PhysicsVal type="float">0.</PhysicsVal></min>
			<max><PhysicsVal type="float">20</PhysicsVal></max>
			<step><PhysicsVal type="float">0.000001</PhysicsVal></step>
			<errordefault><PhysicsVal type="float">0.</PhysicsVal></errordefault>
		</scale>
	</ChannelInfo>

	<ChannelInfo name="worldpendulum$channel.4.name" independent="false" direction="CHANNEL_INPUT">
		<scale label="worldpendulum$channel.4.label" physicsunitname="worldpendulum$channel.4.physicsunitname" physicsunitsymbol="º" multiplier="none" selected="true">
			<min><PhysicsVal type="float">0.</PhysicsVal></min>
			<max><PhysicsVal type="float">40</PhysicsVal></max>
			<step><PhysicsVal type="float">0.1</PhysicsVal></step>
			<errordefault><PhysicsVal type="float">0.</PhysicsVal></errordefault>
		</scale>
	</ChannelInfo>	
</HardwareInfo>
