<?xml version="1.0" encoding="UTF-8" standalone="yes"?>
<reCFaceConfig usersListRefreshRateMs="10000" splashIconLocationBundleKey="ReCBaseUI$rec.bui.icon.splash" showVideoFrame="false" showUserList="true" showChatFrame="true" iconSponsorLocationBundleKey="bundleName#bundleKey" iconLocationBundleKey="ReCBaseUI$rec.bui.icon.frame" helpPageLocationBundleKey="ReCBaseUI$rec.bui.url.help" frameTitleBundleKey="ReCBaseUI$rec.bui.title.frame" enterApparatusChatRoom="true" enableVideoFrame="false" enableUsersList="true" enableLoginPassword="false" enableChatFrame="true" autoConnectLab="false" appPreferredWidth="848" appPreferredHeight="478" aboutPageLocationBundleKey="ReCBaseUI$rec.bui.url.about">
    <localizationBundle name="ReCBaseUI" 
			location="recresource:///com/linkare/rec/impl/baseUI/resources/ReCBaseUI"/>
    <localizationBundle name="ReCLabeLab" 
			location="recresource:///pt/utl/ist/elab/resources/ReCLabeLab"/>
    <localizationBundle name="ReCExpSemiconductors"
                        location="recresource:///pt/utl/ist/elab/virtual/client/semiconductor/resources/ReCExpSemiconductors"/>
    <localizationBundle name="ReCExpScuba"
                        location="recresource:///pt/utl/ist/elab/client/serial/stamp/scuba/resources/ReCExpScuba"/>
    <localizationBundle name="ReCExpG"
                        location="recresource:///pt/utl/ist/elab/client/serial/stamp/g/resources/ReCExpG"/>
    <localizationBundle name="ReCExpRadio"
                        location="recresource:///pt/utl/ist/elab/client/serial/stamp/radioactividade/resources/ReCExpRadio"/>
    <localizationBundle name="ReCExpPendulo"
                        location="recresource:///pt/utl/ist/elab/client/serial/stamp/pendulo/resources/ReCExpPendulo"/>
    <localizationBundle name="ReCExpPV"
                        location="recresource:///pt/utl/ist/elab/client/serial/stamp/pv/resources/ReCExpPV"/>
    <localizationBundle name="ReCExpPlanck"
                        location="recresource:///pt/utl/ist/elab/client/serial/stamp/planck/resources/ReCExpPlanck"/>
    <localizationBundle name="ReCExpDiscos"
                        location="recresource:///pt/utl/ist/elab/client/serial/stamp/momentoInercia/resources/ReCExpDiscos"/>
    <localizationBundle name="ReCExpAleatorio"
                        location="recresource:///pt/utl/ist/elab/client/Aleatorio/Resource/ReCExpAleatorio"/>
    <localizationBundle name="ReCExpT"
                        location="recresource:///pt/utl/ist/elab/client/serial/stamp/conducaoCalor/resources/ReCExpT"/>
    <localizationBundle name="ReCExpMeteo"
                        location="recresource:///pt/utl/ist/elab/client/meteo/resources/ReCExpMeteo"/>
    <localizationBundle name="ReCExpStatSound"
                        location="recresource:///pt/utl/ist/elab/client/serial/stamp/statsound/resources/ReCExpStatSound"/>
    <localizationBundle name="ReCExpWebRobot"
                        location="recresource:///pt/utl/ist/elab/client/webrobot/resources/ReCExpWebRobot"/>
    <localizationBundle name="ReCExpThomson"
                        location="recresource:///pt/utl/ist/elab/client/serial/stamp/thomson/resources/ReCExpThomson"/>
    <localizationBundle name="ReCExpPolaroid"
                        location="recresource:///pt/utl/ist/elab/client/usb/cypress/polaroid/resources/ReCExpPolaroid"/>
    <localizationBundle name="ReCExpGamma"
                        location="recresource:///pt/utl/ist/elab/client/usb/cypress/gamma/resources/ReCExpGamma"/>
    <localizationBundle name="ReCExpTelescopio"
                        location="recresource:///pt/utl/ist/elab/client/telescopio/resources/ReCExpTelescopio"/>
    <localizationBundle name="ReCExpPG"
                        location="recresource:///pt/utl/ist/elab/client/serial/stamp/penduloGravitico/resources/ReCExpPG"/>
    <localizationBundle name="ReCExpCC"
                        location="recresource:///pt/utl/ist/elab/client/serial/stamp/condensadorCilindrico/resources/ReCExpCC"/>
	<lab toolTipBundleKey="ReCLabeLab$rec.lab.tip.elab" location="corbaloc:iiop:1.2@elab.ist.utl.pt:9003/MultiCastController" iconLocationBundleKey="ReCBaseUI$rec.bui.icon.lab" displayStringBundleKey="ReCLabeLab$rec.lab.title.elab" desktopLocationBundleKey="ReCBaseUI$rec.bui.image.desktop">
        <apparatus toolTipBundleKey="ReCExpG$rec.exp.tip.g" location="ELAB_G_STAMP_V02" iconLocationBundleKey="ReCExpG$rec.exp.icon.g" headerDisplayClassLocationBundleKey="" displayStringBundleKey="ReCExpG$rec.exp.title.g" displayFactoryClassLocationBundleKey="" desktopLocationBundleKey="ReCExpG$rec.exp.background.g" dataModelClassLocationBundleKey="" customizerClassLocationBundleKey="ReCExpG$rec.exp.customizer.g" visible="true" selected="true" order="0" enabled="false" connected="false">
            <defaultAcquisitionConfig toolTipBundleKey="ReCExpG$rec.exp.dftcfg.g.tip.1" iconLocationBundleKey="ReCBaseUI$rec.bui.icon.customize" displayStringBundleKey="ReCExpG$rec.exp.dftcfg.g.title.1" classLocationBundleKey="ReCExpG$rec.exp.dftcfg.g.loc.1" visible="true" selected="true" order="0" enabled="false" connected="false"/>
            <mediaConfig videoLocation="ReCExpG$rec.exp.url.g.video" canSave="true" offlinePlay="true"/>
            <display toolTipBundleKey="ReCExpG$rec.exp.display.g.tip.sensor" offlineCapable="false" iconLocationBundleKey="ReCBaseUI$rec.bui.icon.sensor" displayStringBundleKey="ReCExpG$rec.exp.display.g.title.sensor" classLocationBundleKey="ReCExpG$rec.exp.display.g.loc.sensor" visible="true" selected="true" order="0" enabled="false" connected="false"/>
            <display toolTipBundleKey="ReCExpG$rec.exp.display.g.tip.1" offlineCapable="false" iconLocationBundleKey="ReCBaseUI$rec.bui.icon.table" displayStringBundleKey="ReCExpG$rec.exp.display.g.title.1" classLocationBundleKey="ReCExpG$rec.exp.display.g.loc.1" visible="true" selected="true" order="0" enabled="false" connected="false"/>
            <display toolTipBundleKey="ReCExpG$rec.exp.display.g.tip.2" offlineCapable="false" iconLocationBundleKey="ReCBaseUI$rec.bui.icon.chart" displayStringBundleKey="ReCExpG$rec.exp.display.g.title.2" classLocationBundleKey="ReCExpG$rec.exp.display.g.loc.2" visible="true" selected="true" order="0" enabled="false" connected="false"/>
            <webResource toolTipLocationBundleKey="" internalBrowser="false" iconLocationBundleKey="" visible="true" selected="true" order="0" enabled="false" connected="false"/>
            <webResource toolTipLocationBundleKey="" internalBrowser="false" iconLocationBundleKey="" visible="true" selected="true" order="0" enabled="false" connected="false"/>
            <webResource toolTipLocationBundleKey="" internalBrowser="false" iconLocationBundleKey="" visible="true" selected="true" order="0" enabled="false" connected="false"/>
        </apparatus>
        <apparatus toolTipBundleKey="ReCExpRadio$rec.exp.tip.radio" location="ELAB_RAD_STAMP_V02" iconLocationBundleKey="ReCExpRadio$rec.exp.icon.radio" headerDisplayClassLocationBundleKey="" displayStringBundleKey="ReCExpRadio$rec.exp.title.radio" displayFactoryClassLocationBundleKey="" desktopLocationBundleKey="ReCExpRadio$rec.exp.background.radio" dataModelClassLocationBundleKey="" customizerClassLocationBundleKey="ReCExpRadio$rec.exp.customizer.radio" visible="true" selected="true" order="0" enabled="false" connected="false">
            <defaultAcquisitionConfig toolTipBundleKey="ReCExpRadio$rec.exp.dftcfg.radio.tip.1" iconLocationBundleKey="ReCBaseUI$rec.bui.icon.customize" displayStringBundleKey="ReCExpRadio$rec.exp.dftcfg.radio.title.1" classLocationBundleKey="ReCExpRadio$rec.exp.dftcfg.radio.loc.1" visible="true" selected="true" order="0" enabled="false" connected="false"/>
            <mediaConfig videoLocation="ReCExpRadio$rec.exp.url.radio.video" canSave="true" offlinePlay="true"/>
            <display toolTipBundleKey="ReCExpRadio$rec.exp.display.radio.tip.sensor" offlineCapable="false" iconLocationBundleKey="ReCBaseUI$rec.bui.icon.sensor" displayStringBundleKey="ReCExpRadio$rec.exp.display.radio.title.sensor" classLocationBundleKey="ReCExpRadio$rec.exp.display.radio.loc.sensor" visible="true" selected="true" order="0" enabled="false" connected="false"/>
            <display toolTipBundleKey="ReCExpRadio$rec.exp.display.radio.tip.1" offlineCapable="false" iconLocationBundleKey="ReCBaseUI$rec.bui.icon.table" displayStringBundleKey="ReCExpRadio$rec.exp.display.radio.title.1" classLocationBundleKey="ReCExpRadio$rec.exp.display.radio.loc.1" visible="true" selected="true" order="0" enabled="false" connected="false"/>
            <display toolTipBundleKey="ReCExpRadio$rec.exp.display.radio.tip.2" offlineCapable="false" iconLocationBundleKey="ReCBaseUI$rec.bui.icon.chart" displayStringBundleKey="ReCExpRadio$rec.exp.display.radio.title.2" classLocationBundleKey="ReCExpRadio$rec.exp.display.radio.loc.2" visible="true" selected="true" order="0" enabled="false" connected="false"/>
            <webResource toolTipLocationBundleKey="" internalBrowser="false" iconLocationBundleKey="" visible="true" selected="true" order="0" enabled="false" connected="false"/>
            <webResource toolTipLocationBundleKey="" internalBrowser="false" iconLocationBundleKey="" visible="true" selected="true" order="0" enabled="false" connected="false"/>
            <webResource toolTipLocationBundleKey="" internalBrowser="false" iconLocationBundleKey="" visible="true" selected="true" order="0" enabled="false" connected="false"/>
        </apparatus>
        <apparatus toolTipBundleKey="ReCExpScuba$rec.exp.tip.scuba" location="ELAB_SCUBA_STAMP_V02" iconLocationBundleKey="ReCExpScuba$rec.exp.icon.scuba" headerDisplayClassLocationBundleKey="" displayStringBundleKey="ReCExpScuba$rec.exp.title.scuba" displayFactoryClassLocationBundleKey="" desktopLocationBundleKey="ReCExpScuba$rec.exp.background.scuba" dataModelClassLocationBundleKey="" customizerClassLocationBundleKey="ReCExpScuba$rec.exp.customizer.scuba" visible="true" selected="true" order="0" enabled="false" connected="false">
            <defaultAcquisitionConfig toolTipBundleKey="ReCExpScuba$rec.exp.dftcfg.scuba.tip.1" iconLocationBundleKey="ReCBaseUI$rec.bui.icon.customize" displayStringBundleKey="ReCExpScuba$rec.exp.dftcfg.scuba.title.1" classLocationBundleKey="ReCExpScuba$rec.exp.dftcfg.scuba.loc.1" visible="true" selected="true" order="0" enabled="false" connected="false"/>
            <mediaConfig videoLocation="ReCExpScuba$rec.exp.url.scuba.video" canSave="true" offlinePlay="true"/>
            <display toolTipBundleKey="ReCExpScuba$rec.exp.display.scuba.tip.sensor" offlineCapable="false" iconLocationBundleKey="ReCBaseUI$rec.bui.icon.sensor" displayStringBundleKey="ReCExpScuba$rec.exp.display.scuba.title.sensor" classLocationBundleKey="ReCExpScuba$rec.exp.display.scuba.loc.sensor" visible="true" selected="true" order="0" enabled="false" connected="false"/>
            <display toolTipBundleKey="ReCExpScuba$rec.exp.display.scuba.tip.1" offlineCapable="false" iconLocationBundleKey="ReCBaseUI$rec.bui.icon.table" displayStringBundleKey="ReCExpScuba$rec.exp.display.scuba.title.1" classLocationBundleKey="ReCExpScuba$rec.exp.display.scuba.loc.1" visible="true" selected="true" order="0" enabled="false" connected="false"/>
            <display toolTipBundleKey="ReCExpScuba$rec.exp.display.scuba.tip.2" offlineCapable="false" iconLocationBundleKey="ReCBaseUI$rec.bui.icon.chart" displayStringBundleKey="ReCExpScuba$rec.exp.display.scuba.title.2" classLocationBundleKey="ReCExpScuba$rec.exp.display.scuba.loc.2" visible="true" selected="true" order="0" enabled="false" connected="false"/>
            <display toolTipBundleKey="ReCExpScuba$rec.exp.display.scuba.tip.3" offlineCapable="false" iconLocationBundleKey="ReCBaseUI$rec.bui.icon.chart" displayStringBundleKey="ReCExpScuba$rec.exp.display.scuba.title.3" classLocationBundleKey="ReCExpScuba$rec.exp.display.scuba.loc.3" visible="true" selected="true" order="0" enabled="false" connected="false"/>
            <display toolTipBundleKey="ReCExpScuba$rec.exp.display.scuba.tip.4" offlineCapable="false" iconLocationBundleKey="ReCBaseUI$rec.bui.icon.chart" displayStringBundleKey="ReCExpScuba$rec.exp.display.scuba.title.4" classLocationBundleKey="ReCExpScuba$rec.exp.display.scuba.loc.4" visible="true" selected="true" order="0" enabled="false" connected="false"/>
            <display toolTipBundleKey="ReCExpScuba$rec.exp.display.scuba.tip.5" offlineCapable="false" iconLocationBundleKey="ReCBaseUI$rec.bui.icon.chart" displayStringBundleKey="ReCExpScuba$rec.exp.display.scuba.title.5" classLocationBundleKey="ReCExpScuba$rec.exp.display.scuba.loc.5" visible="true" selected="true" order="0" enabled="false" connected="false"/>
            <display toolTipBundleKey="ReCExpScuba$rec.exp.display.scuba.tip.6" offlineCapable="false" iconLocationBundleKey="ReCBaseUI$rec.bui.icon.chart" displayStringBundleKey="ReCExpScuba$rec.exp.display.scuba.title.6" classLocationBundleKey="ReCExpScuba$rec.exp.display.scuba.loc.6" visible="true" selected="true" order="0" enabled="false" connected="false"/>
            <webResource toolTipLocationBundleKey="" internalBrowser="false" iconLocationBundleKey="" visible="true" selected="true" order="0" enabled="false" connected="false"/>
            <webResource toolTipLocationBundleKey="" internalBrowser="false" iconLocationBundleKey="" visible="true" selected="true" order="0" enabled="false" connected="false"/>
        </apparatus>
        <apparatus toolTipBundleKey="ReCExpPendulo$rec.exp.tip.pendulo" location="ELAB_PENDULO_STAMP_V02" iconLocationBundleKey="ReCExpPendulo$rec.exp.icon.pendulo" headerDisplayClassLocationBundleKey="" displayStringBundleKey="ReCExpPendulo$rec.exp.title.pendulo" displayFactoryClassLocationBundleKey="" desktopLocationBundleKey="ReCExpPendulo$rec.exp.background.pendulo" dataModelClassLocationBundleKey="" customizerClassLocationBundleKey="ReCExpPendulo$rec.exp.customizer.pendulo" visible="true" selected="true" order="0" enabled="false" connected="false">
            <defaultAcquisitionConfig toolTipBundleKey="ReCExpPendulo$rec.exp.dftcfg.pendulo.tip.1" iconLocationBundleKey="ReCBaseUI$rec.bui.icon.customize" displayStringBundleKey="ReCExpPendulo$rec.exp.dftcfg.pendulo.title.1" classLocationBundleKey="ReCExpPendulo$rec.exp.dftcfg.pendulo.loc.1" visible="true" selected="true" order="0" enabled="false" connected="false"/>
            <mediaConfig videoLocation="ReCExpPendulo$rec.exp.url.pendulo.video" canSave="true" offlinePlay="true"/>
            <display toolTipBundleKey="ReCExpPendulo$rec.exp.display.pendulo.tip.sensor" offlineCapable="false" iconLocationBundleKey="ReCBaseUI$rec.bui.icon.sensor" displayStringBundleKey="ReCExpPendulo$rec.exp.display.pendulo.title.sensor" classLocationBundleKey="ReCExpPendulo$rec.exp.display.pendulo.loc.sensor" visible="true" selected="true" order="0" enabled="false" connected="false"/>
            <display toolTipBundleKey="ReCExpPendulo$rec.exp.display.pendulo.tip.1" offlineCapable="false" iconLocationBundleKey="ReCBaseUI$rec.bui.icon.table" displayStringBundleKey="ReCExpPendulo$rec.exp.display.pendulo.title.1" classLocationBundleKey="ReCExpPendulo$rec.exp.display.pendulo.loc.1" visible="true" selected="true" order="0" enabled="false" connected="false"/>
            <display toolTipBundleKey="ReCExpPendulo$rec.exp.display.pendulo.tip.2" offlineCapable="false" iconLocationBundleKey="ReCBaseUI$rec.bui.icon.chart" displayStringBundleKey="ReCExpPendulo$rec.exp.display.pendulo.title.2" classLocationBundleKey="ReCExpPendulo$rec.exp.display.pendulo.loc.2" visible="true" selected="true" order="0" enabled="false" connected="false"/>
            <webResource toolTipLocationBundleKey="" internalBrowser="false" iconLocationBundleKey="" visible="true" selected="true" order="0" enabled="false" connected="false"/>
            <webResource toolTipLocationBundleKey="" internalBrowser="false" iconLocationBundleKey="" visible="true" selected="true" order="0" enabled="false" connected="false"/>
            <webResource toolTipLocationBundleKey="" internalBrowser="false" iconLocationBundleKey="" visible="true" selected="true" order="0" enabled="false" connected="false"/>
        </apparatus>
        <apparatus toolTipBundleKey="ReCExpPV$rec.exp.tip.pv" location="ELAB_PV_STAMP_V02" iconLocationBundleKey="ReCExpPV$rec.exp.icon.pv" headerDisplayClassLocationBundleKey="" displayStringBundleKey="ReCExpPV$rec.exp.title.pv" displayFactoryClassLocationBundleKey="" desktopLocationBundleKey="ReCExpPV$rec.exp.background.pv" dataModelClassLocationBundleKey="" customizerClassLocationBundleKey="ReCExpPV$rec.exp.customizer.pv" visible="true" selected="true" order="0" enabled="false" connected="false">
            <defaultAcquisitionConfig toolTipBundleKey="ReCExpPV$rec.exp.dftcfg.pv.tip.1" iconLocationBundleKey="ReCBaseUI$rec.bui.icon.customize" displayStringBundleKey="ReCExpPV$rec.exp.dftcfg.pv.title.1" classLocationBundleKey="ReCExpPV$rec.exp.dftcfg.pv.loc.1" visible="true" selected="true" order="0" enabled="false" connected="false"/>
            <mediaConfig videoLocation="ReCExpPV$rec.exp.url.pv.video" canSave="true" offlinePlay="true"/>
            <display toolTipBundleKey="ReCExpPV$rec.exp.display.pv.tip.sensor" offlineCapable="false" iconLocationBundleKey="ReCBaseUI$rec.bui.icon.sensor" displayStringBundleKey="ReCExpPV$rec.exp.display.pv.title.sensor" classLocationBundleKey="ReCExpPV$rec.exp.display.pv.loc.sensor" visible="true" selected="true" order="0" enabled="false" connected="false"/>
            <display toolTipBundleKey="ReCExpPV$rec.exp.display.pv.tip.1" offlineCapable="false" iconLocationBundleKey="ReCBaseUI$rec.bui.icon.table" displayStringBundleKey="ReCExpPV$rec.exp.display.pv.title.1" classLocationBundleKey="ReCExpPV$rec.exp.display.pv.loc.1" visible="true" selected="true" order="0" enabled="false" connected="false"/>
            <display toolTipBundleKey="ReCExpPV$rec.exp.display.pv.tip.2" offlineCapable="false" iconLocationBundleKey="ReCBaseUI$rec.bui.icon.chart" displayStringBundleKey="ReCExpPV$rec.exp.display.pv.title.2" classLocationBundleKey="ReCExpPV$rec.exp.display.pv.loc.2" visible="true" selected="true" order="0" enabled="false" connected="false"/>
            <display toolTipBundleKey="ReCExpPV$rec.exp.display.pv.tip.3" offlineCapable="false" iconLocationBundleKey="ReCBaseUI$rec.bui.icon.chart" displayStringBundleKey="ReCExpPV$rec.exp.display.pv.title.3" classLocationBundleKey="ReCExpPV$rec.exp.display.pv.loc.3" visible="true" selected="true" order="0" enabled="false" connected="false"/>
            <webResource toolTipLocationBundleKey="" internalBrowser="false" iconLocationBundleKey="" visible="true" selected="true" order="0" enabled="false" connected="false"/>
            <webResource toolTipLocationBundleKey="" internalBrowser="false" iconLocationBundleKey="" visible="true" selected="true" order="0" enabled="false" connected="false"/>
        </apparatus>
        <apparatus toolTipBundleKey="ReCExpPlanck$rec.exp.tip.planck" location="EXP_PLANCK_STAMP_V1.1" iconLocationBundleKey="ReCExpPlanck$rec.exp.icon.planck" headerDisplayClassLocationBundleKey="" displayStringBundleKey="ReCExpPlanck$rec.exp.title.planck" displayFactoryClassLocationBundleKey="" desktopLocationBundleKey="ReCExpPlanck$rec.exp.background.planck" dataModelClassLocationBundleKey="" customizerClassLocationBundleKey="ReCExpPlanck$rec.exp.customizer.planck" visible="true" selected="true" order="0" enabled="false" connected="false">
            <mediaConfig videoLocation="ReCExpPlanck$rec.exp.url.planck.video" canSave="true" offlinePlay="true"/>
            <display toolTipBundleKey="ReCExpPlanck$rec.exp.display.planck.tip.sensor" offlineCapable="false" iconLocationBundleKey="ReCBaseUI$rec.bui.icon.sensor" displayStringBundleKey="ReCExpPlanck$rec.exp.display.planck.title.sensor" classLocationBundleKey="ReCExpPlanck$rec.exp.display.planck.loc.sensor" visible="true" selected="true" order="0" enabled="false" connected="false"/>
            <display toolTipBundleKey="ReCExpPlanck$rec.exp.display.planck.tip.1" offlineCapable="false" iconLocationBundleKey="ReCBaseUI$rec.bui.icon.table" displayStringBundleKey="ReCExpPlanck$rec.exp.display.planck.title.1" classLocationBundleKey="ReCExpPlanck$rec.exp.display.planck.loc.1" visible="true" selected="true" order="0" enabled="false" connected="false"/>
            <display toolTipBundleKey="ReCExpPlanck$rec.exp.display.planck.tip.2" offlineCapable="false" iconLocationBundleKey="ReCBaseUI$rec.bui.icon.chart" displayStringBundleKey="ReCExpPlanck$rec.exp.display.planck.title.2" classLocationBundleKey="ReCExpPlanck$rec.exp.display.planck.loc.2" visible="true" selected="true" order="0" enabled="false" connected="false"/>
            <display toolTipBundleKey="ReCExpPlanck$rec.exp.display.planck.tip.3" offlineCapable="false" iconLocationBundleKey="ReCBaseUI$rec.bui.icon.table" displayStringBundleKey="ReCExpPlanck$rec.exp.display.planck.title.3" classLocationBundleKey="ReCExpPlanck$rec.exp.display.planck.loc.3" visible="true" selected="true" order="0" enabled="false" connected="false"/>
            <display toolTipBundleKey="ReCExpPlanck$rec.exp.display.planck.tip.4" offlineCapable="false" iconLocationBundleKey="ReCBaseUI$rec.bui.icon.chart" displayStringBundleKey="ReCExpPlanck$rec.exp.display.planck.title.4" classLocationBundleKey="ReCExpPlanck$rec.exp.display.planck.loc.4" visible="true" selected="true" order="0" enabled="false" connected="false"/>
            <webResource toolTipLocationBundleKey="" internalBrowser="false" iconLocationBundleKey="" visible="true" selected="true" order="0" enabled="false" connected="false"/>
            <webResource toolTipLocationBundleKey="" internalBrowser="false" iconLocationBundleKey="" visible="true" selected="true" order="0" enabled="false" connected="false"/>
            <webResource toolTipLocationBundleKey="" internalBrowser="false" iconLocationBundleKey="" visible="true" selected="true" order="0" enabled="false" connected="false"/>
            <webResource toolTipLocationBundleKey="" internalBrowser="false" iconLocationBundleKey="" visible="true" selected="true" order="0" enabled="false" connected="false"/>
        </apparatus>
        <apparatus toolTipBundleKey="ReCExpDiscos$rec.exp.tip.momentoInercia" location="EXP_ANGULAR_STAMP_V1.0" iconLocationBundleKey="ReCExpDiscos$rec.exp.icon.momentoInercia" headerDisplayClassLocationBundleKey="" displayStringBundleKey="ReCExpDiscos$rec.exp.title.momentoInercia" displayFactoryClassLocationBundleKey="" desktopLocationBundleKey="ReCExpDiscos$rec.exp.background.momentoInercia" dataModelClassLocationBundleKey="" customizerClassLocationBundleKey="ReCExpDiscos$rec.exp.customizer.momentoInercia" visible="true" selected="true" order="0" enabled="false" connected="false">
            <mediaConfig videoLocation="ReCExpDiscos$rec.exp.url.momentoInercia.video" canSave="true" offlinePlay="true"/>
            <display toolTipBundleKey="ReCExpDiscos$rec.exp.display.momentoInercia.tip.sensor" offlineCapable="false" iconLocationBundleKey="ReCBaseUI$rec.bui.icon.sensor" displayStringBundleKey="ReCExpDiscos$rec.exp.display.momentoInercia.title.sensor" classLocationBundleKey="ReCExpDiscos$rec.exp.display.momentoInercia.loc.sensor" visible="true" selected="true" order="0" enabled="false" connected="false"/>
            <display toolTipBundleKey="ReCExpDiscos$rec.exp.display.momentoInercia.tip.1" offlineCapable="false" iconLocationBundleKey="ReCBaseUI$rec.bui.icon.table" displayStringBundleKey="ReCExpDiscos$rec.exp.display.momentoInercia.title.1" classLocationBundleKey="ReCExpDiscos$rec.exp.display.momentoInercia.loc.1" visible="true" selected="true" order="0" enabled="false" connected="false"/>
            <display toolTipBundleKey="ReCExpDiscos$rec.exp.display.momentoInercia.tip.2" offlineCapable="false" iconLocationBundleKey="ReCBaseUI$rec.bui.icon.chart" displayStringBundleKey="ReCExpDiscos$rec.exp.display.momentoInercia.title.2" classLocationBundleKey="ReCExpDiscos$rec.exp.display.momentoInercia.loc.2" visible="true" selected="true" order="0" enabled="false" connected="false"/>
            <display toolTipBundleKey="ReCExpDiscos$rec.exp.display.momentoInercia.tip.3" offlineCapable="false" iconLocationBundleKey="ReCBaseUI$rec.bui.icon.chart" displayStringBundleKey="ReCExpDiscos$rec.exp.display.momentoInercia.title.3" classLocationBundleKey="ReCExpDiscos$rec.exp.display.momentoInercia.loc.3" visible="true" selected="true" order="0" enabled="false" connected="false"/>
            <webResource toolTipLocationBundleKey="" internalBrowser="false" iconLocationBundleKey="" visible="true" selected="true" order="0" enabled="false" connected="false"/>
            <webResource toolTipLocationBundleKey="" internalBrowser="false" iconLocationBundleKey="" visible="true" selected="true" order="0" enabled="false" connected="false"/>
            <webResource toolTipLocationBundleKey="" internalBrowser="false" iconLocationBundleKey="" visible="true" selected="true" order="0" enabled="false" connected="false"/>
        </apparatus>
        <apparatus toolTipBundleKey="ReCExpAleatorio$rec.exp.tip.aleatorio" location="ELAB_ALEATORIO_V02" iconLocationBundleKey="ReCExpAleatorio$rec.exp.icon.aleatorio" headerDisplayClassLocationBundleKey="" displayStringBundleKey="ReCExpAleatorio$rec.exp.title.aleatorio" displayFactoryClassLocationBundleKey="" desktopLocationBundleKey="ReCExpAleatorio$rec.exp.background.aleatorio" dataModelClassLocationBundleKey="" customizerClassLocationBundleKey="ReCExpAleatorio$rec.exp.customizer.aleatorio" visible="true" selected="true" order="0" enabled="false" connected="false">
            <mediaConfig videoLocation="ReCExpAleatorio$rec.exp.url.aleatorio.video" canSave="true" offlinePlay="true"/>
            <display toolTipBundleKey="ReCExpAleatorio$rec.exp.display.aleatorio.tip.1" offlineCapable="false" iconLocationBundleKey="ReCExpAleatorio$rec.exp.display.aleatorio.icon.1" displayStringBundleKey="ReCExpAleatorio$rec.exp.display.aleatorio.title.1" classLocationBundleKey="ReCExpAleatorio$rec.exp.display.aleatorio.loc.1" visible="true" selected="true" order="0" enabled="false" connected="false"/>
            <display toolTipBundleKey="ReCExpAleatorio$rec.exp.display.aleatorio.tip.2" offlineCapable="false" iconLocationBundleKey="ReCBaseUI$rec.bui.icon.chart" displayStringBundleKey="ReCExpAleatorio$rec.exp.display.aleatorio.title.2" classLocationBundleKey="ReCExpAleatorio$rec.exp.display.aleatorio.loc.2" visible="true" selected="true" order="0" enabled="false" connected="false"/>
            <display toolTipBundleKey="ReCExpAleatorio$rec.exp.display.aleatorio.tip.3" offlineCapable="false" iconLocationBundleKey="ReCBaseUI$rec.bui.icon.chart" displayStringBundleKey="ReCExpAleatorio$rec.exp.display.aleatorio.title.3" classLocationBundleKey="ReCExpAleatorio$rec.exp.display.aleatorio.loc.3" visible="true" selected="true" order="0" enabled="false" connected="false"/>
            <display toolTipBundleKey="ReCExpAleatorio$rec.exp.display.aleatorio.tip.4" offlineCapable="false" iconLocationBundleKey="ReCBaseUI$rec.bui.icon.movie" displayStringBundleKey="ReCExpAleatorio$rec.exp.display.aleatorio.title.4" classLocationBundleKey="ReCExpAleatorio$rec.exp.display.aleatorio.loc.4" visible="true" selected="true" order="0" enabled="false" connected="false"/>
            <display toolTipBundleKey="ReCExpAleatorio$rec.exp.display.aleatorio.tip.5" offlineCapable="true" iconLocationBundleKey="ReCExpAleatorio$rec.exp.display.aleatorio.icon.1" displayStringBundleKey="ReCExpAleatorio$rec.exp.display.aleatorio.title.5" classLocationBundleKey="ReCExpAleatorio$rec.exp.display.aleatorio.loc.5" visible="true" selected="true" order="0" enabled="false" connected="false"/>
            <webResource toolTipLocationBundleKey="" internalBrowser="false" iconLocationBundleKey="" visible="true" selected="true" order="0" enabled="false" connected="false"/>
            <webResource toolTipLocationBundleKey="" internalBrowser="false" iconLocationBundleKey="" visible="true" selected="true" order="0" enabled="false" connected="false"/>
            <webResource toolTipLocationBundleKey="" internalBrowser="false" iconLocationBundleKey="" visible="true" selected="true" order="0" enabled="false" connected="false"/>
        </apparatus>
        <apparatus toolTipBundleKey="ReCExpT$rec.exp.tip.conducaoCalor" location="ELAB_CONDCALOR_STAMP_V1.0" iconLocationBundleKey="ReCExpT$rec.exp.icon.conducaoCalor" headerDisplayClassLocationBundleKey="" displayStringBundleKey="ReCExpT$rec.exp.title.conducaoCalor" displayFactoryClassLocationBundleKey="" desktopLocationBundleKey="ReCExpT$rec.exp.background.conducaoCalor" dataModelClassLocationBundleKey="" customizerClassLocationBundleKey="ReCExpT$rec.exp.customizer.conducaoCalor" visible="true" selected="true" order="0" enabled="false" connected="false">
            <mediaConfig videoLocation="ReCExpT$rec.exp.url.conducaoCalor.video" canSave="true" offlinePlay="true"/>
            <display toolTipBundleKey="ReCExpT$rec.exp.display.conducaoCalor.tip.sensor" offlineCapable="false" iconLocationBundleKey="ReCBaseUI$rec.bui.icon.sensor" displayStringBundleKey="ReCExpT$rec.exp.display.conducaoCalor.title.sensor" classLocationBundleKey="ReCExpT$rec.exp.display.conducaoCalor.loc.sensor" visible="true" selected="true" order="0" enabled="false" connected="false"/>
            <display toolTipBundleKey="ReCExpT$rec.exp.display.conducaoCalor.tip.1" offlineCapable="false" iconLocationBundleKey="ReCBaseUI$rec.bui.icon.table" displayStringBundleKey="ReCExpT$rec.exp.display.conducaoCalor.title.1" classLocationBundleKey="ReCExpT$rec.exp.display.conducaoCalor.loc.1" visible="true" selected="true" order="0" enabled="false" connected="false"/>
            <display toolTipBundleKey="ReCExpT$rec.exp.display.conducaoCalor.tip.2" offlineCapable="false" iconLocationBundleKey="ReCBaseUI$rec.bui.icon.chart" displayStringBundleKey="ReCExpT$rec.exp.display.conducaoCalor.title.2" classLocationBundleKey="ReCExpT$rec.exp.display.conducaoCalor.loc.2" visible="true" selected="true" order="0" enabled="false" connected="false"/>
            <display toolTipBundleKey="ReCExpT$rec.exp.display.conducaoCalor.tip.3" offlineCapable="false" iconLocationBundleKey="ReCBaseUI$rec.bui.icon.table" displayStringBundleKey="ReCExpT$rec.exp.display.conducaoCalor.title.3" classLocationBundleKey="ReCExpT$rec.exp.display.conducaoCalor.loc.3" visible="true" selected="true" order="0" enabled="false" connected="false"/>
            <display toolTipBundleKey="ReCExpT$rec.exp.display.conducaoCalor.tip.4" offlineCapable="false" iconLocationBundleKey="ReCBaseUI$rec.bui.icon.chart" displayStringBundleKey="ReCExpT$rec.exp.display.conducaoCalor.title.4" classLocationBundleKey="ReCExpT$rec.exp.display.conducaoCalor.loc.4" visible="true" selected="true" order="0" enabled="false" connected="false"/>
            <display toolTipBundleKey="ReCExpT$rec.exp.display.conducaoCalor.tip.5" offlineCapable="false" iconLocationBundleKey="ReCBaseUI$rec.bui.icon.table" displayStringBundleKey="ReCExpT$rec.exp.display.conducaoCalor.title.5" classLocationBundleKey="ReCExpT$rec.exp.display.conducaoCalor.loc.5" visible="true" selected="true" order="0" enabled="false" connected="false"/>
            <display toolTipBundleKey="ReCExpT$rec.exp.display.conducaoCalor.tip.6" offlineCapable="false" iconLocationBundleKey="ReCBaseUI$rec.bui.icon.chart" displayStringBundleKey="ReCExpT$rec.exp.display.conducaoCalor.title.6" classLocationBundleKey="ReCExpT$rec.exp.display.conducaoCalor.loc.6" visible="true" selected="true" order="0" enabled="false" connected="false"/>
            <webResource toolTipLocationBundleKey="" internalBrowser="false" iconLocationBundleKey="" visible="true" selected="true" order="0" enabled="false" connected="false"/>
            <webResource toolTipLocationBundleKey="" internalBrowser="false" iconLocationBundleKey="" visible="true" selected="true" order="0" enabled="false" connected="false"/>
            <webResource toolTipLocationBundleKey="" internalBrowser="false" iconLocationBundleKey="" visible="true" selected="true" order="0" enabled="false" connected="false"/>
        </apparatus>
        <apparatus toolTipBundleKey="ReCExpMeteo$rec.exp.tip.meteo" location="ELAB_METEO_V01" iconLocationBundleKey="ReCExpMeteo$rec.exp.icon.meteo" headerDisplayClassLocationBundleKey="" displayStringBundleKey="ReCExpMeteo$rec.exp.title.meteo" displayFactoryClassLocationBundleKey="" desktopLocationBundleKey="ReCExpMeteo$rec.exp.background.meteo" dataModelClassLocationBundleKey="" customizerClassLocationBundleKey="ReCExpMeteo$rec.exp.customizer.meteo" visible="true" selected="true" order="0" enabled="false" connected="false">
            <mediaConfig videoLocation="ReCExpMeteo$rec.exp.url.meteo.video" canSave="true" offlinePlay="true"/>
            <display toolTipBundleKey="ReCExpMeteo$rec.exp.display.meteo.tip.sensor" offlineCapable="false" iconLocationBundleKey="ReCBaseUI$rec.bui.icon.sensor" displayStringBundleKey="ReCExpMeteo$rec.exp.display.meteo.title.sensor" classLocationBundleKey="ReCExpMeteo$rec.exp.display.meteo.loc.sensor" visible="true" selected="true" order="0" enabled="false" connected="false"/>
            <display toolTipBundleKey="ReCExpMeteo$rec.exp.display.meteo.tip.1" offlineCapable="false" iconLocationBundleKey="ReCBaseUI$rec.bui.icon.table" displayStringBundleKey="ReCExpMeteo$rec.exp.display.meteo.title.1" classLocationBundleKey="ReCExpMeteo$rec.exp.display.meteo.loc.1" visible="true" selected="true" order="0" enabled="false" connected="false"/>
            <display toolTipBundleKey="ReCExpMeteo$rec.exp.display.meteo.tip.2" offlineCapable="false" iconLocationBundleKey="ReCBaseUI$rec.bui.icon.chart" displayStringBundleKey="ReCExpMeteo$rec.exp.display.meteo.title.2" classLocationBundleKey="ReCExpMeteo$rec.exp.display.meteo.loc.2" visible="true" selected="true" order="0" enabled="false" connected="false"/>
            <display toolTipBundleKey="ReCExpMeteo$rec.exp.display.meteo.tip.3" offlineCapable="false" iconLocationBundleKey="ReCBaseUI$rec.bui.icon.chart" displayStringBundleKey="ReCExpMeteo$rec.exp.display.meteo.title.3" classLocationBundleKey="ReCExpMeteo$rec.exp.display.meteo.loc.3" visible="true" selected="true" order="0" enabled="false" connected="false"/>
            <display toolTipBundleKey="ReCExpMeteo$rec.exp.display.meteo.tip.4" offlineCapable="false" iconLocationBundleKey="ReCBaseUI$rec.bui.icon.chart" displayStringBundleKey="ReCExpMeteo$rec.exp.display.meteo.title.4" classLocationBundleKey="ReCExpMeteo$rec.exp.display.meteo.loc.4" visible="true" selected="true" order="0" enabled="false" connected="false"/>
            <display toolTipBundleKey="ReCExpMeteo$rec.exp.display.meteo.tip.5" offlineCapable="false" iconLocationBundleKey="ReCBaseUI$rec.bui.icon.chart" displayStringBundleKey="ReCExpMeteo$rec.exp.display.meteo.title.5" classLocationBundleKey="ReCExpMeteo$rec.exp.display.meteo.loc.5" visible="true" selected="true" order="0" enabled="false" connected="false"/>
            <display toolTipBundleKey="ReCExpMeteo$rec.exp.display.meteo.tip.6" offlineCapable="false" iconLocationBundleKey="ReCBaseUI$rec.bui.icon.chart" displayStringBundleKey="ReCExpMeteo$rec.exp.display.meteo.title.6" classLocationBundleKey="ReCExpMeteo$rec.exp.display.meteo.loc.6" visible="true" selected="true" order="0" enabled="false" connected="false"/>
            <display toolTipBundleKey="ReCExpMeteo$rec.exp.display.meteo.tip.7" offlineCapable="false" iconLocationBundleKey="ReCBaseUI$rec.bui.icon.chart" displayStringBundleKey="ReCExpMeteo$rec.exp.display.meteo.title.7" classLocationBundleKey="ReCExpMeteo$rec.exp.display.meteo.loc.7" visible="true" selected="true" order="0" enabled="false" connected="false"/>
            <display toolTipBundleKey="ReCExpMeteo$rec.exp.display.meteo.tip.8" offlineCapable="false" iconLocationBundleKey="ReCBaseUI$rec.bui.icon.chart" displayStringBundleKey="ReCExpMeteo$rec.exp.display.meteo.title.8" classLocationBundleKey="ReCExpMeteo$rec.exp.display.meteo.loc.8" visible="true" selected="true" order="0" enabled="false" connected="false"/>
            <display toolTipBundleKey="ReCExpMeteo$rec.exp.display.meteo.tip.9" offlineCapable="false" iconLocationBundleKey="ReCBaseUI$rec.bui.icon.chart" displayStringBundleKey="ReCExpMeteo$rec.exp.display.meteo.title.9" classLocationBundleKey="ReCExpMeteo$rec.exp.display.meteo.loc.9" visible="true" selected="true" order="0" enabled="false" connected="false"/>
            <webResource toolTipLocationBundleKey="" internalBrowser="false" iconLocationBundleKey="" visible="true" selected="true" order="0" enabled="false" connected="false"/>
            <webResource toolTipLocationBundleKey="" internalBrowser="false" iconLocationBundleKey="" visible="true" selected="true" order="0" enabled="false" connected="false"/>
        </apparatus>
        <apparatus toolTipBundleKey="ReCExpStatSound$rec.exp.tip.statsound" location="ELAB_STATSOUND_STAMP_V01" iconLocationBundleKey="ReCExpStatSound$rec.exp.icon.statsound" headerDisplayClassLocationBundleKey="" displayStringBundleKey="ReCExpStatSound$rec.exp.title.statsound" displayFactoryClassLocationBundleKey="" desktopLocationBundleKey="ReCExpStatSound$rec.exp.background.statsound" dataModelClassLocationBundleKey="" customizerClassLocationBundleKey="ReCExpStatSound$rec.exp.customizer.statsound" visible="true" selected="true" order="0" enabled="false" connected="false">
            <mediaConfig videoLocation="ReCExpStatSound$rec.exp.url.statsound.video" canSave="true" offlinePlay="true"/>
            <display toolTipBundleKey="ReCExpStatSound$rec.exp.display.statsound.tip.sensor" offlineCapable="false" iconLocationBundleKey="ReCBaseUI$rec.bui.icon.sensor" displayStringBundleKey="ReCExpStatSound$rec.exp.display.statsound.title.sensor" classLocationBundleKey="ReCExpStatSound$rec.exp.display.statsound.loc.sensor" visible="true" selected="true" order="0" enabled="false" connected="false"/>
            <display toolTipBundleKey="ReCExpStatSound$rec.exp.display.statsound.tip.sensor.temp" offlineCapable="false" iconLocationBundleKey="ReCBaseUI$rec.bui.icon.sensor" displayStringBundleKey="ReCExpStatSound$rec.exp.display.statsound.title.sensor.temp" classLocationBundleKey="ReCExpStatSound$rec.exp.display.statsound.loc.sensor.temp" visible="true" selected="true" order="0" enabled="false" connected="false"/>
            <display toolTipBundleKey="ReCExpStatSound$rec.exp.display.statsound.tip.1" offlineCapable="false" iconLocationBundleKey="ReCBaseUI$rec.bui.icon.table" displayStringBundleKey="ReCExpStatSound$rec.exp.display.statsound.title.1" classLocationBundleKey="ReCExpStatSound$rec.exp.display.statsound.loc.1" visible="true" selected="true" order="0" enabled="false" connected="false"/>
            <display toolTipBundleKey="ReCExpStatSound$rec.exp.display.statsound.tip.2" offlineCapable="false" iconLocationBundleKey="ReCBaseUI$rec.bui.icon.chart" displayStringBundleKey="ReCExpStatSound$rec.exp.display.statsound.title.2" classLocationBundleKey="ReCExpStatSound$rec.exp.display.statsound.loc.2" visible="true" selected="true" order="0" enabled="false" connected="false"/>
            <display toolTipBundleKey="ReCExpStatSound$rec.exp.display.statsound.tip.3" offlineCapable="false" iconLocationBundleKey="ReCBaseUI$rec.bui.icon.table" displayStringBundleKey="ReCExpStatSound$rec.exp.display.statsound.title.3" classLocationBundleKey="ReCExpStatSound$rec.exp.display.statsound.loc.3" visible="true" selected="true" order="0" enabled="false" connected="false"/>
            <display toolTipBundleKey="ReCExpStatSound$rec.exp.display.statsound.tip.4" offlineCapable="false" iconLocationBundleKey="ReCBaseUI$rec.bui.icon.chart" displayStringBundleKey="ReCExpStatSound$rec.exp.display.statsound.title.4" classLocationBundleKey="ReCExpStatSound$rec.exp.display.statsound.loc.4" visible="true" selected="true" order="0" enabled="false" connected="false"/>
            <display toolTipBundleKey="ReCExpStatSound$rec.exp.display.statsound.tip.5" offlineCapable="false" iconLocationBundleKey="ReCBaseUI$rec.bui.icon.chart" displayStringBundleKey="ReCExpStatSound$rec.exp.display.statsound.title.5" classLocationBundleKey="ReCExpStatSound$rec.exp.display.statsound.loc.5" visible="true" selected="true" order="0" enabled="false" connected="false"/>
            <webResource toolTipLocationBundleKey="" internalBrowser="false" iconLocationBundleKey="" visible="true" selected="true" order="0" enabled="false" connected="false"/>
            <webResource toolTipLocationBundleKey="" internalBrowser="false" iconLocationBundleKey="" visible="true" selected="true" order="0" enabled="false" connected="false"/>
            <webResource toolTipLocationBundleKey="" internalBrowser="false" iconLocationBundleKey="" visible="true" selected="true" order="0" enabled="false" connected="false"/>
        </apparatus>
        <apparatus toolTipBundleKey="ReCExpWebRobot$rec.exp.tip.webrobot" location="ELAB_WEBROBOT_V01" iconLocationBundleKey="ReCExpWebRobot$rec.exp.icon.webrobot" headerDisplayClassLocationBundleKey="" displayStringBundleKey="ReCExpWebRobot$rec.exp.title.webrobot" displayFactoryClassLocationBundleKey="" desktopLocationBundleKey="ReCExpWebRobot$rec.exp.background.webrobot" dataModelClassLocationBundleKey="" customizerClassLocationBundleKey="ReCExpWebRobot$rec.exp.customizer.webrobot" visible="true" selected="true" order="0" enabled="false" connected="false">
            <mediaConfig videoLocation="ReCExpWebRobot$rec.exp.url.webrobot.video" canSave="true" offlinePlay="true"/>
            <display toolTipBundleKey="ReCExpWebRobot$rec.exp.display.webrobot.tip.sensor" offlineCapable="false" iconLocationBundleKey="ReCBaseUI$rec.bui.icon.sensor" displayStringBundleKey="ReCExpWebRobot$rec.exp.display.webrobot.title.sensor" classLocationBundleKey="ReCExpWebRobot$rec.exp.display.webrobot.loc.sensor" visible="true" selected="true" order="0" enabled="false" connected="false"/>
            <display toolTipBundleKey="ReCExpWebRobot$rec.exp.display.webrobot.tip.sensor.2" offlineCapable="false" iconLocationBundleKey="ReCExpWebRobot$rec.exp.display.webrobot.icon.sensor.2" displayStringBundleKey="ReCExpWebRobot$rec.exp.display.webrobot.title.sensor.2" classLocationBundleKey="ReCExpWebRobot$rec.exp.display.webrobot.loc.sensor.2" visible="true" selected="true" order="0" enabled="false" connected="false"/>
            <display toolTipBundleKey="ReCExpWebRobot$rec.exp.display.webrobot.tip.1" offlineCapable="false" iconLocationBundleKey="ReCBaseUI$rec.bui.icon.table" displayStringBundleKey="ReCExpWebRobot$rec.exp.display.webrobot.title.1" classLocationBundleKey="ReCExpWebRobot$rec.exp.display.webrobot.loc.1" visible="true" selected="true" order="0" enabled="false" connected="false"/>
            <display toolTipBundleKey="ReCExpWebRobot$rec.exp.display.webrobot.tip.2" offlineCapable="false" iconLocationBundleKey="ReCBaseUI$rec.bui.icon.chart" displayStringBundleKey="ReCExpWebRobot$rec.exp.display.webrobot.title.2" classLocationBundleKey="ReCExpWebRobot$rec.exp.display.webrobot.loc.2" visible="true" selected="true" order="0" enabled="false" connected="false"/>
            <display toolTipBundleKey="ReCExpWebRobot$rec.exp.display.webrobot.tip.3" offlineCapable="false" iconLocationBundleKey="ReCBaseUI$rec.bui.icon.chart" displayStringBundleKey="ReCExpWebRobot$rec.exp.display.webrobot.title.3" classLocationBundleKey="ReCExpWebRobot$rec.exp.display.webrobot.loc.3" visible="true" selected="true" order="0" enabled="false" connected="false"/>
            <display toolTipBundleKey="ReCExpWebRobot$rec.exp.display.webrobot.tip.4" offlineCapable="false" iconLocationBundleKey="ReCBaseUI$rec.bui.icon.chart" displayStringBundleKey="ReCExpWebRobot$rec.exp.display.webrobot.title.4" classLocationBundleKey="ReCExpWebRobot$rec.exp.display.webrobot.loc.4" visible="true" selected="true" order="0" enabled="false" connected="false"/>
            <display toolTipBundleKey="ReCExpWebRobot$rec.exp.display.webrobot.tip.5" offlineCapable="false" iconLocationBundleKey="ReCBaseUI$rec.bui.icon.chart" displayStringBundleKey="ReCExpWebRobot$rec.exp.display.webrobot.title.5" classLocationBundleKey="ReCExpWebRobot$rec.exp.display.webrobot.loc.5" visible="true" selected="true" order="0" enabled="false" connected="false"/>
            <display toolTipBundleKey="ReCExpWebRobot$rec.exp.display.webrobot.tip.6" offlineCapable="false" iconLocationBundleKey="ReCBaseUI$rec.bui.icon.chart" displayStringBundleKey="ReCExpWebRobot$rec.exp.display.webrobot.title.6" classLocationBundleKey="ReCExpWebRobot$rec.exp.display.webrobot.loc.6" visible="true" selected="true" order="0" enabled="false" connected="false"/>
            <webResource toolTipLocationBundleKey="" internalBrowser="false" iconLocationBundleKey="" visible="true" selected="true" order="0" enabled="false" connected="false"/>
            <webResource toolTipLocationBundleKey="" internalBrowser="false" iconLocationBundleKey="" visible="true" selected="true" order="0" enabled="false" connected="false"/>
            <webResource toolTipLocationBundleKey="" internalBrowser="false" iconLocationBundleKey="" visible="true" selected="true" order="0" enabled="false" connected="false"/>
            <webResource toolTipLocationBundleKey="" internalBrowser="false" iconLocationBundleKey="" visible="true" selected="true" order="0" enabled="false" connected="false"/>
        </apparatus>
        <apparatus toolTipBundleKey="ReCExpThomson$rec.exp.tip.thomson" location="ELAB_THOMSON_STAMP_V01" iconLocationBundleKey="ReCExpThomson$rec.exp.icon.thomson" headerDisplayClassLocationBundleKey="" displayStringBundleKey="ReCExpThomson$rec.exp.title.thomson" displayFactoryClassLocationBundleKey="" desktopLocationBundleKey="" dataModelClassLocationBundleKey="" customizerClassLocationBundleKey="ReCExpThomson$rec.exp.customizer.thomson" visible="true" selected="true" order="0" enabled="false" connected="false">
            <mediaConfig videoLocation="ReCExpThomson$rec.exp.url.thomson.video" canSave="true" offlinePlay="true"/>
            <display toolTipBundleKey="ReCExpThomson$rec.exp.display.thomson.tip.sensor" offlineCapable="false" iconLocationBundleKey="ReCBaseUI$rec.bui.icon.sensor" displayStringBundleKey="ReCExpThomson$rec.exp.display.thomson.title.sensor" classLocationBundleKey="ReCExpThomson$rec.exp.display.thomson.loc.sensor" visible="true" selected="true" order="0" enabled="false" connected="false"/>
            <display toolTipBundleKey="ReCExpThomson$rec.exp.display.thomson.tip.1" offlineCapable="false" iconLocationBundleKey="ReCExpThomson$rec.exp.icon.thomson" displayStringBundleKey="ReCExpThomson$rec.exp.display.thomson.title.1" classLocationBundleKey="ReCExpThomson$rec.exp.display.thomson.loc.1" visible="true" selected="true" order="0" enabled="false" connected="false"/>
            <display toolTipBundleKey="ReCExpThomson$rec.exp.display.thomson.tip.3" offlineCapable="false" iconLocationBundleKey="ReCExpThomson$rec.exp.icon.thomson" displayStringBundleKey="ReCExpThomson$rec.exp.display.thomson.title.3" classLocationBundleKey="ReCExpThomson$rec.exp.display.thomson.loc.3" visible="true" selected="true" order="0" enabled="false" connected="false"/>
            <display toolTipBundleKey="ReCExpThomson$rec.exp.display.thomson.tip.2" offlineCapable="false" iconLocationBundleKey="ReCBaseUI$rec.bui.icon.movie" displayStringBundleKey="ReCExpThomson$rec.exp.display.thomson.title.2" classLocationBundleKey="ReCExpThomson$rec.exp.display.thomson.loc.2" visible="true" selected="true" order="0" enabled="false" connected="false"/>
        </apparatus>
        <apparatus toolTipBundleKey="ReCExpPolaroid$rec.exp.tip.polaroid" location="ELAB_POLAROID_V1.3" iconLocationBundleKey="ReCExpPolaroid$rec.exp.icon.polaroid" headerDisplayClassLocationBundleKey="" displayStringBundleKey="ReCExpPolaroid$rec.exp.title.polaroid" displayFactoryClassLocationBundleKey="" desktopLocationBundleKey="ReCExpPolaroid$rec.exp.background.polaroid" dataModelClassLocationBundleKey="" customizerClassLocationBundleKey="ReCExpPolaroid$rec.exp.customizer.polaroid" visible="true" selected="true" order="0" enabled="false" connected="false">
            <mediaConfig videoLocation="ReCExpPolaroid$rec.exp.url.polaroid.video" canSave="true" offlinePlay="true"/>
            <display toolTipBundleKey="ReCExpPolaroid$rec.exp.display.polaroid.tip.1" offlineCapable="false" iconLocationBundleKey="ReCBaseUI$rec.bui.icon.table" displayStringBundleKey="ReCExpPolaroid$rec.exp.display.polaroid.title.1" classLocationBundleKey="ReCExpPolaroid$rec.exp.display.polaroid.loc.1" visible="true" selected="true" order="0" enabled="false" connected="false"/>
            <display toolTipBundleKey="ReCExpPolaroid$rec.exp.display.polaroid.tip.2" offlineCapable="false" iconLocationBundleKey="ReCBaseUI$rec.bui.icon.chart" displayStringBundleKey="ReCExpPolaroid$rec.exp.display.polaroid.title.2" classLocationBundleKey="ReCExpPolaroid$rec.exp.display.polaroid.loc.2" visible="true" selected="true" order="0" enabled="false" connected="false"/>
        </apparatus>
        <apparatus toolTipBundleKey="ReCExpGamma$rec.exp.tip.gamma" location="ELAB_GAMMA_V1.0" iconLocationBundleKey="ReCExpGamma$rec.exp.icon.gamma" headerDisplayClassLocationBundleKey="" displayStringBundleKey="ReCExpGamma$rec.exp.title.gamma" displayFactoryClassLocationBundleKey="" desktopLocationBundleKey="ReCExpGamma$rec.exp.background.gamma" dataModelClassLocationBundleKey="" customizerClassLocationBundleKey="ReCExpGamma$rec.exp.customizer.gamma" visible="true" selected="true" order="0" enabled="false" connected="false">
            <mediaConfig videoLocation="ReCExpGamma$rec.exp.url.gamma.video" canSave="true" offlinePlay="true"/>
            <display toolTipBundleKey="ReCExpGamma$rec.exp.display.gamma.tip.1" offlineCapable="false" iconLocationBundleKey="ReCBaseUI$rec.bui.icon.table" displayStringBundleKey="ReCExpGamma$rec.exp.display.gamma.title.1" classLocationBundleKey="ReCExpGamma$rec.exp.display.gamma.loc.1" visible="true" selected="true" order="0" enabled="false" connected="false"/>
            <display toolTipBundleKey="ReCExpGamma$rec.exp.display.gamma.tip.2" offlineCapable="false" iconLocationBundleKey="ReCBaseUI$rec.bui.icon.chart" displayStringBundleKey="ReCExpGamma$rec.exp.display.gamma.title.2" classLocationBundleKey="ReCExpGamma$rec.exp.display.gamma.loc.2" visible="true" selected="true" order="0" enabled="false" connected="false"/>
            <display toolTipBundleKey="ReCExpGamma$rec.exp.display.gamma.tip.3" offlineCapable="false" iconLocationBundleKey="ReCBaseUI$rec.bui.icon.table" displayStringBundleKey="ReCExpGamma$rec.exp.display.gamma.title.3" classLocationBundleKey="ReCExpGamma$rec.exp.display.gamma.loc.3" visible="true" selected="true" order="0" enabled="false" connected="false"/>
            <display toolTipBundleKey="ReCExpGamma$rec.exp.display.gamma.tip.4" offlineCapable="false" iconLocationBundleKey="ReCBaseUI$rec.bui.icon.chart" displayStringBundleKey="ReCExpGamma$rec.exp.display.gamma.title.4" classLocationBundleKey="ReCExpGamma$rec.exp.display.gamma.loc.4" visible="true" selected="true" order="0" enabled="false" connected="false"/>
        </apparatus>
        <apparatus toolTipBundleKey="ReCExpTelescopio$rec.exp.tip.telescopio" location="ELAB_TELESCOPIO_V01" iconLocationBundleKey="ReCExpTelescopio$rec.exp.icon.telescopio" headerDisplayClassLocationBundleKey="" displayStringBundleKey="ReCExpTelescopio$rec.exp.title.telescopio" displayFactoryClassLocationBundleKey="" desktopLocationBundleKey="ReCExpTelescopio$rec.exp.background.telescopio" dataModelClassLocationBundleKey="" customizerClassLocationBundleKey="ReCExpTelescopio$rec.exp.customizer.telescopio" visible="true" selected="true" order="0" enabled="false" connected="false">
            <mediaConfig videoLocation="ReCExpTelescopio$rec.exp.url.telescopio.video" canSave="true" offlinePlay="true"/>
            <display toolTipBundleKey="ReCExpTelescopio$rec.exp.display.telescopio.tip.1" offlineCapable="false" iconLocationBundleKey="ReCExpTelescopio$rec.exp.display.icon.star" displayStringBundleKey="ReCExpTelescopio$rec.exp.display.telescopio.title.1" classLocationBundleKey="ReCExpTelescopio$rec.exp.display.telescopio.loc.1" visible="true" selected="true" order="0" enabled="false" connected="false"/>
            <display toolTipBundleKey="ReCExpTelescopio$rec.exp.display.telescopio.tip.2" offlineCapable="false" iconLocationBundleKey="ReCExpTelescopio$rec.exp.display.icon.save" displayStringBundleKey="ReCExpTelescopio$rec.exp.display.telescopio.title.2" classLocationBundleKey="ReCExpTelescopio$rec.exp.display.telescopio.loc.2" visible="true" selected="true" order="0" enabled="false" connected="false"/>
            <display toolTipBundleKey="ReCExpTelescopio$rec.exp.display.telescopio.tip.3" offlineCapable="true" iconLocationBundleKey="ReCExpTelescopio$rec.exp.display.icon.open" displayStringBundleKey="ReCExpTelescopio$rec.exp.display.telescopio.title.3" classLocationBundleKey="ReCExpTelescopio$rec.exp.display.telescopio.loc.3" visible="true" selected="true" order="0" enabled="false" connected="false"/>
        </apparatus>
        <apparatus toolTipBundleKey="ReCExpPG$rec.exp.tip.pg" location="ELAB_PENDULO_GRAV_STAMP_V01" iconLocationBundleKey="ReCExpPG$rec.exp.icon.pg" headerDisplayClassLocationBundleKey="" displayStringBundleKey="ReCExpPG$rec.exp.title.pg" displayFactoryClassLocationBundleKey="" desktopLocationBundleKey="ReCExpPG$rec.exp.background.pg" dataModelClassLocationBundleKey="" customizerClassLocationBundleKey="ReCExpPG$rec.exp.customizer.pg" visible="true" selected="true" order="0" enabled="false" connected="false">
            <mediaConfig videoLocation="ReCExpPG$rec.exp.url.pg.video" canSave="true" offlinePlay="true"/>
            <display toolTipBundleKey="ReCExpPG$rec.exp.display.pg.tip.sensor" offlineCapable="false" iconLocationBundleKey="ReCBaseUI$rec.bui.icon.sensor" displayStringBundleKey="ReCExpPG$rec.exp.display.pg.title.sensor" classLocationBundleKey="ReCExpPG$rec.exp.display.pg.loc.sensor" visible="true" selected="true" order="0" enabled="false" connected="false"/>
            <display toolTipBundleKey="ReCExpPG$rec.exp.display.pg.tip.1" offlineCapable="false" iconLocationBundleKey="ReCBaseUI$rec.bui.icon.table" displayStringBundleKey="ReCExpPG$rec.exp.display.pg.title.1" classLocationBundleKey="ReCExpPG$rec.exp.display.pg.loc.1" visible="true" selected="true" order="0" enabled="false" connected="false"/>
            <display toolTipBundleKey="ReCExpPG$rec.exp.display.pg.tip.2" offlineCapable="false" iconLocationBundleKey="ReCBaseUI$rec.bui.icon.chart" displayStringBundleKey="ReCExpPG$rec.exp.display.pg.title.2" classLocationBundleKey="ReCExpPG$rec.exp.display.pg.loc.2" visible="true" selected="true" order="0" enabled="false" connected="false"/>
        </apparatus>
        <apparatus toolTipBundleKey="ReCExpCC$rec.exp.tip.cc" location="ELAB_CC_STAMP_V02" iconLocationBundleKey="ReCExpCC$rec.exp.icon.cc" headerDisplayClassLocationBundleKey="" displayStringBundleKey="ReCExpCC$rec.exp.title.cc" displayFactoryClassLocationBundleKey="" desktopLocationBundleKey="ReCExpCC$rec.exp.background.cc" dataModelClassLocationBundleKey="" customizerClassLocationBundleKey="ReCExpCC$rec.exp.customizer.cc" visible="true" selected="true" order="0" enabled="false" connected="false">
            <mediaConfig videoLocation="ReCExpCC$rec.exp.url.cc.video" canSave="true" offlinePlay="true"/>
            <display toolTipBundleKey="ReCExpCC$rec.exp.display.cc.tip.1" offlineCapable="false" iconLocationBundleKey="ReCBaseCC$rec.bui.icon.sensor" displayStringBundleKey="ReCExpCC$rec.exp.display.cc.title.1" classLocationBundleKey="ReCExpCC$rec.exp.display.cc.loc.1" visible="true" selected="true" order="0" enabled="false" connected="false"/>
            <display toolTipBundleKey="ReCExpCC$rec.exp.display.cc.tip.2" offlineCapable="false" iconLocationBundleKey="ReCBaseCC$rec.bui.icon.sensor" displayStringBundleKey="ReCExpCC$rec.exp.display.cc.title.2" classLocationBundleKey="ReCExpCC$rec.exp.display.cc.loc.2" visible="true" selected="true" order="0" enabled="false" connected="false"/>
            <display toolTipBundleKey="ReCExpCC$rec.exp.display.cc.tip.3" offlineCapable="false" iconLocationBundleKey="ReCBaseCC$rec.bui.icon.sensor" displayStringBundleKey="ReCExpCC$rec.exp.display.cc.title.3" classLocationBundleKey="ReCExpCC$rec.exp.display.cc.loc.3" visible="true" selected="true" order="0" enabled="false" connected="false"/>
        </apparatus>
        <webResource toolTipLocationBundleKey="" internalBrowser="false" iconLocationBundleKey="" visible="true" selected="true" order="0" enabled="false" connected="false"/>
    </lab>
    <webResource toolTipLocationBundleKey="" internalBrowser="false" iconLocationBundleKey="" visible="true" selected="true" order="0" enabled="false" connected="false"/>
</reCFaceConfig>
