
<apparatus xmlns="http://rec.linkare.com/client/config" virtual="false" toolTipBundleKey="worldpendulum$tip.worldpendulum" location="ELAB_WORLD_PENDULUM_PLANETARIUM" iconLocationBundleKey="worldpendulum$icon.worldpendulum" headerDisplayClassLocationBundleKey="" displayStringBundleKey="worldpendulum$title.worldpendulum" displayFactoryClassLocationBundleKey="" desktopLocationBundleKey="worldpendulum$background.worldpendulum" descriptionStringBundleKey="worldpendulum$description.worldpendulum" dataModelClassLocationBundleKey="" customizerClassLocationBundleKey="worldpendulum$customizer.worldpendulum" order="0">
    <defaultAcquisitionConfig toolTipBundleKey="worldpendulum$dftcfg.worldpendulum.tip.1" iconLocationBundleKey="ReCUI$rec.ui.icon.customize" displayStringBundleKey="worldpendulum$dftcfg.worldpendulum.title.1" classLocationBundleKey="worldpendulum$dftcfg.worldpendulum.loc.1" order="0"/>
    <display toolTipBundleKey="worldpendulum$display.table.tip" offlineCapable="false" iconLocationBundleKey="ReCUI$rec.ui.icon.table" displayStringBundleKey="worldpendulum$display.table.title" classLocationBundleKey="worldpendulum$display.table.loc" order="0"/>
    <display toolTipBundleKey="worldpendulum$display.graph.tip.1" offlineCapable="false" iconLocationBundleKey="ReCUI$rec.ui.icon.chart" displayStringBundleKey="worldpendulum$display.graph.title.1" classLocationBundleKey="worldpendulum$display.graph.loc.1" order="0"/>
    <localizationBundle name="worldpendulum" location="recresource:///pt/utl/ist/elab/client/worldpendulum/resources/messages"/>
    <mediaConfig videoLocation="worldpendulum$url.video" offlinePlay="true" canSave="true" order="0"/>
    <webResource toolTipLocationBundleKey="" internalBrowser="false" iconLocationBundleKey="" order="0"/>
    <webResource toolTipLocationBundleKey="" internalBrowser="false" iconLocationBundleKey="" order="0"/>
    <webResource toolTipLocationBundleKey="" internalBrowser="false" iconLocationBundleKey="" order="0"/>
</apparatus>
