<?xml version="1.0" encoding="iso-8859-1" ?>
<hardware id="ELAB_WORLD_PENDULUM_PLANETARIUM" num_channels="5"
	minfrequency="10Hz" maxfrequency="1000Hz">
	<rs232 baud="115200" stopbits="1" paritybits="0" numbits="8"
		ports_restrict="/dev/ttyS0">
		<parameters>
			<!-- displacement -->
			<parameter output="##0.0" input="##0.0" maxvalue="20"
				minvalue="0" order="1">
			</parameter>
			<!-- number of points -->
			<parameter output="##0.0" input="##0.0" maxvalue="1000"
				minvalue="0" order="1">
			</parameter>
		</parameters>
		<channels>
			<!-- Point Number -->
			<channel format="###.#" order="0">
			</channel>
			<!-- Period -->
			<channel format="###.#" order="1">
			</channel>
			<!-- Gravity value -->
			<channel format="###.#" order="2">
			</channel>
			<!-- Velocity -->
			<channel format="###.#" order="3">
			</channel>
			<!-- Temperature -->
			<channel format="###.#" order="4">
			</channel>
		</channels>
		<timeout>
			<default_timeout time="45000" />
			<id time="10000" />
			<cfg time="80000" />
			<cur time="5000" />
			<str time="5000" />
			<dat_bin time="120000" />
			<no_data time="60000" />
			<end time="230000" />
			<stp time="180000" />
			<rst time="180000" />
			<hardware_died time="3600000" />
			<listen_to_port time="10000" />
		</timeout>
		<errors>
			<error code="0" key="OPS" message="Something wrong happened !" />
			<error code="1" key="SENSOR" message="Sensor has failed." />
			<error code="2" key="OUT" message="Value out of range..." />
		</errors>
	</rs232>
</hardware>
